"","Episode","lr_0.0001","lr_0.0005","lr_0.001","lr_0.005","lr_0.01","lr_0.05","lr_0.1"
"1",1,23.8067917722939,24.0950912608971,24.2113257701066,24.0950912608971,24.0876565251372,24.1185459571477,24.0876565251372
"2",2,24.0753165128157,23.9659480217768,24.0024564428078,23.9659480217768,23.8065246860197,24.2474774751678,23.8065246860197
"3",3,24.18397221929,23.9942727560814,24.0581572720119,23.9942727560814,24.0533495986191,24.1104411655877,24.0533495986191
"4",4,24.1867256216361,24.0922434341544,24.1774766298774,24.0922434341544,24.1355491100488,24.1456177820339,24.1355491100488
"5",5,24.1443356297876,24.1509326446123,24.2477412848917,24.1509326446123,24.1477018002414,24.2476902933483,24.1904113108839
"6",6,24.1556682269133,24.1113535856961,24.2306729832104,24.1113535856961,24.1048595480608,24.1358916141184,24.1662349693768
"7",7,24.1646875826168,24.1735309617993,24.2002749426234,24.1735309617993,24.1127591096536,24.2208481257036,24.1767996239449
"8",8,24.2133204895583,24.2102383513117,24.2105726090715,24.109784259911,24.0456306120639,24.2623311815855,24.1777147253963
"9",9,24.2026623633155,24.2733853215518,24.1953289722039,24.1462510133367,24.0109802162587,24.3188927402254,24.1736071131272
"10",10,24.1741293008912,24.2675180418117,24.1166309217989,24.1454487575843,23.9846221382375,24.3888842961986,24.2213974840162
"11",11,24.142088582058,24.2609810242199,24.1563712414759,24.1426686466079,24.0042940561671,24.4176377961945,24.2839938767643
"12",12,24.1144054545722,24.2763311880936,24.1271868394079,24.1298554984167,23.9854508775153,24.4386798666371,24.2882987834778
"13",13,24.0810860603969,24.2309281213792,24.1054628817219,24.0822673316932,23.9408117886595,24.4247335460848,24.3095316904037
"14",14,24.044618898437,24.2351856658807,24.0980170622256,24.0744854616376,23.9214191119505,24.4004467143509,24.3616658603788
"15",15,24.088680231869,24.2471079241185,24.0774691883491,24.047070106969,23.9254801584625,24.3430754224908,24.3778098972122
"16",16,24.0541528429719,24.2271255195527,24.0472800228441,24.0141593370812,23.9018893170508,24.3242154258489,24.4224979695644
"17",17,24.0092452885404,24.2333426885346,24.0078488662402,24.0005830428223,23.8696000969069,24.339252396386,24.4012659388317
"18",18,24.0035397144303,24.1982662390012,23.9956161401764,23.9930601632727,23.8500656725943,24.3470296488072,24.4090953639992
"19",19,24.0024634952292,24.167624042457,23.9945371366326,23.9710711398148,23.833980393357,24.3565582041481,24.4362421249059
"20",20,23.967073502781,24.1831883282115,23.9556342626244,23.9374420794853,23.8460597721517,24.3070089159028,24.4392747921712
"21",21,23.9421867561084,24.1541924673377,23.896790303775,23.9372099177689,23.8251810928398,24.3165868492891,24.4713900322555
"22",22,23.8831815589361,24.1417152861898,23.8924977836423,23.9419867804848,23.8379557366847,24.2632423696573,24.5508380354742
"23",23,23.8450760253861,24.0987903317117,23.86994179541,23.9181834686836,23.7756851917497,24.268569507948,24.5479908295702
"24",24,23.8140574488366,24.0840678294132,23.8444477828615,23.8653363622567,23.7237986667322,24.258458417691,24.577663624374
"25",25,23.7481102032975,24.0519638028729,23.7818473273252,23.8224128820153,23.6602611916941,24.2287000118589,24.5989743516561
"26",26,23.729250071015,24.0168527927795,23.7286865517204,23.8151911615222,23.6314005359077,24.2284986643604,24.6544367783668
"27",27,23.6991782928573,23.9852555152686,23.694029870737,23.7416297383025,23.6049143846286,24.1754571574221,24.6894838340511
"28",28,23.622098230927,23.9115828638725,23.6157547408089,23.7166258284801,23.5808915799665,24.1474213599266,24.7387055757268
"29",29,23.5434024783738,23.8793397093747,23.5400361699792,23.6769765127295,23.5638397710493,24.0656682740207,24.756838081391
"30",30,23.4926822264202,23.8154731981437,23.5079153559277,23.6453429663963,23.5592394757519,23.981226880248,24.7688424597146
"31",31,23.4961423158499,23.7780962765482,23.4524286372581,23.60423301457,23.4909296509764,23.9048382670572,24.7674082611256
"32",32,23.4622606841615,23.697589649309,23.448096181617,23.5500779528479,23.4387545655835,23.8556924638341,24.8095872599395
"33",33,23.4294582496027,23.6387969229564,23.4262288204683,23.5383871116315,23.4323288257028,23.8005777985707,24.8169109978539
"34",34,23.4471280256807,23.586727040471,23.3651069550247,23.4976218298058,23.4262767155952,23.7512808722012,24.7961211577141
"35",35,23.3241221165665,23.528548166565,23.3489539362058,23.4494668092275,23.3976535774586,23.7103823060725,24.7966803876527
"36",36,23.2882153711342,23.5020176763818,23.3337302757448,23.4072165461005,23.4072984430492,23.641422221452,24.7619517948256
"37",37,23.2496846911512,23.4599422080107,23.2988026677161,23.3486782125478,23.3997965410854,23.5951466596727,24.7725049240691
"38",38,23.1872404965671,23.4128249394571,23.2982021523475,23.2795621795354,23.3607873577941,23.5505993515484,24.7694339694675
"39",39,23.1147772728043,23.3576731912228,23.2484953187615,23.2440250723417,23.3266482612252,23.4656595825273,24.7368856044314
"40",40,23.0818610470227,23.2848464701912,23.199287702352,23.1970721850097,23.2801155917262,23.4603317721722,24.722504456953
"41",41,23.0824848244428,23.2491902770545,23.1876234350345,23.1297008936851,23.2509224274635,23.3894333538887,24.6698219247014
"42",42,23.0936227670779,23.2491048463761,23.1522535275234,23.0597575587152,23.1997471989853,23.371088730208,24.6345351576824
"43",43,23.018580228833,23.2467546348058,23.1043478461958,23.0357968340095,23.1570769041116,23.3203976876618,24.6049361524651
"44",44,22.9805870447857,23.2012983800303,23.0199463998324,23.0052024956479,23.0931019320078,23.2507841197655,24.5688266502722
"45",45,22.9738617613776,23.1608330372114,23.0318681987876,22.9630071986679,23.0906516898213,23.1843648710599,24.4943215789335
"46",46,22.9025961893437,23.1635838844963,22.9952329149162,22.9173712688027,23.1246526608414,23.1597199186731,24.4240117512575
"47",47,22.8183452407556,23.0955443140929,22.9581152928757,22.9100520977988,23.1107879852484,23.1165655846643,24.4053811246402
"48",48,22.7944870982339,23.1039922587649,22.9680227116336,22.8800605536359,23.0686179889556,23.0711700934643,24.3030240276943
"49",49,22.7992224887727,23.0200520365517,22.9586137128284,22.8196702132898,23.0135702020158,23.0546343320122,24.2582836137932
"50",50,22.7656099230485,23.0394434604136,22.9587359561338,22.8159735663621,22.9893234528805,23.0120867463596,24.185480215967
"51",51,22.7204125649163,22.9813818286422,22.9162025929814,22.7921913586371,22.9965005487143,23.0305698097316,24.1381921000233
"52",52,22.7220036823081,22.9858260248155,22.8428434221086,22.7715633714286,23.024575411798,23.022058837004,24.0784704051577
"53",53,22.7336997157533,23.0221317448339,22.8158784621977,22.7464326605837,23.0011202415175,23.0004476512586,24.0440585278305
"54",54,22.658739500772,22.9856040648904,22.859106013074,22.7180179845825,22.9755386992419,23.0044838655895,24.0157628388564
"55",55,22.6490356616218,22.9550077358639,22.805521207306,22.7311981743551,22.9284286724056,22.9999287824297,23.9559267984442
"56",56,22.6411442855639,22.8877961400963,22.7708314189888,22.7422041416051,22.8721860089948,22.9917383745222,23.9272493198721
"57",57,22.6528361877762,22.8761448166246,22.7422802288078,22.7480963971141,22.8534110155004,22.9616667468901,23.8889832198122
"58",58,22.6286126177513,22.8596216333837,22.6650659198703,22.7794172598118,22.8161185409013,22.9123590037714,23.843334052157
"59",59,22.6124406564275,22.8780608037451,22.6273603213678,22.7933769272221,22.8126706099775,22.9107579472821,23.8043511307255
"60",60,22.6317383464272,22.8565226360282,22.6171083387115,22.8163309462432,22.7994344015328,22.9424464082331,23.7653986328004
"61",61,22.6070696015511,22.8334910049669,22.6057376903661,22.8022876604929,22.7477464381807,22.9395352304212,23.7349762066609
"62",62,22.5704488241922,22.7819332407664,22.5724838722688,22.7938133780614,22.7378291351416,22.9098135604552,23.6820752043487
"63",63,22.6130938535484,22.7425010988465,22.5712327072083,22.7764936655653,22.760084053262,22.8814572041234,23.6737592700485
"64",64,22.6349996961527,22.709832845127,22.5544995785982,22.7618879942641,22.7935563422196,22.8743436524567,23.6098524141686
"65",65,22.6330316667784,22.6655319076644,22.4736520465792,22.7407469713701,22.7726169661034,22.8717031843361,23.6147666750876
"66",66,22.6585943672772,22.6060244043114,22.4880474687468,22.7000646692436,22.7130224753629,22.8499324827817,23.5749791670755
"67",67,22.6935174697574,22.6300263610618,22.4980708499596,22.7009434474754,22.6638515181259,22.8400705525636,23.4930370613478
"68",68,22.6702186427853,22.6141030674469,22.4479403073584,22.6957680236888,22.662191885926,22.8635856430196,23.487476030164
"69",69,22.668118556669,22.6095905534959,22.4314198007713,22.6845114374462,22.6654061976156,22.9033119252286,23.4531818566899
"70",70,22.6926084786887,22.5737998991627,22.4156302262438,22.6383091189043,22.6204552724561,22.9167013119862,23.4397679939547
"71",71,22.6903543560549,22.561583302369,22.3919815556399,22.6074399363741,22.6107914078813,22.8656759675332,23.3797155509681
"72",72,22.6798191417269,22.5165031610451,22.3909847945759,22.6216491833138,22.5628450553572,22.8112799514815,23.2972355450645
"73",73,22.6411410409171,22.4828599385988,22.3719714768218,22.5932573875305,22.5308618728401,22.8074381261372,23.2513103799316
"74",74,22.6450820968514,22.5040491658922,22.3125521041992,22.5615740776134,22.495368714224,22.7940032403228,23.183409143688
"75",75,22.6465138860677,22.5076243824749,22.3155803372447,22.5534848988844,22.4953275168423,22.8143623829418,23.1493104716295
"76",76,22.606715296984,22.5371629728226,22.2910807182535,22.5454955957911,22.4774572687893,22.8168832597539,23.0960868733728
"77",77,22.5951869797541,22.4787846092661,22.2925232823703,22.5253461181192,22.4495210804306,22.8039467262477,23.0743705758989
"78",78,22.583839746077,22.4611130003557,22.3030652595537,22.4917179921482,22.4477918318326,22.8083365383233,23.0935195829676
"79",79,22.6134658666711,22.4592043374706,22.3536773701363,22.4480756718834,22.4412666090873,22.8226077526029,23.1386096810477
"80",80,22.5680921502733,22.424488370771,22.3583702349405,22.4002777308776,22.3992608614209,22.7845691011227,23.1734298969651
"81",81,22.5362028433962,22.4211374480089,22.3614013303386,22.3977746699705,22.4277802277876,22.8068663867713,23.1202814205073
"82",82,22.5004547621074,22.4297989831777,22.363189287411,22.439177688094,22.4576637114091,22.8647530463837,23.1288942509541
"83",83,22.4465689724834,22.442727943049,22.3246134506858,22.4058998599352,22.4150837242011,22.9382354760022,23.1873938259814
"84",84,22.3772022541259,22.409191711808,22.3672954533521,22.3887168169637,22.4179104262488,23.0045497741662,23.2901274854882
"85",85,22.3558166961831,22.4520801106071,22.3933326826632,22.4363548528048,22.4019962380426,23.0372634185424,23.3781209753354
"86",86,22.3027207425414,22.4416065003304,22.363920077838,22.461287558329,22.3782021776696,23.0449632067464,23.4861470810387
"87",87,22.2700656343625,22.4267395531832,22.317835010089,22.4639727444355,22.389095258396,23.0639064349943,23.5999586610347
"88",88,22.2860828136546,22.3961550079854,22.3291283282522,22.4957393548244,22.382337316506,23.0540987286495,23.6578596454142
"89",89,22.2603362525534,22.3998524291555,22.3435199542653,22.5515515718006,22.3783086440326,23.0458823455343,23.7521301504384
"90",90,22.2175007753762,22.3868787168394,22.3245173049946,22.6630416475647,22.3820239968868,23.036348572497,23.7840630025272
"91",91,22.1906518876365,22.4168307463441,22.3252652166664,22.7287789681414,22.3807760499206,23.083019477164,23.8158249119603
"92",92,22.1449972667287,22.4223651882692,22.3317015758437,22.7468510564047,22.3848579836187,23.1829825879592,23.9237418065263
"93",93,22.1157352728509,22.4189686292758,22.3153443381317,22.7972147909599,22.4036757462424,23.2183805045681,23.9622428570853
"94",94,22.0992687890881,22.3751420968517,22.2982204177593,22.9202262511209,22.3824417975765,23.1825314446546,24.0602557619692
"95",95,22.102284022958,22.3422422513397,22.2781081685332,22.9427660386121,22.3614638066156,23.2308331502378,24.1519346192314
"96",96,22.1084658323326,22.4653421627631,22.3013619174413,23.073880585529,22.3710245980072,23.3325971428851,24.2528136184633
"97",97,22.1056984587121,22.4730421152373,22.2964815588346,23.1247407692582,22.3598468772558,23.3396602284853,24.3183060448684
"98",98,22.1059268319779,22.5031037482089,22.2739241606408,23.2439514202171,22.3660110797843,23.3359699041048,24.3421198055073
"99",99,22.0681240747395,22.4661961777175,22.2281181400022,23.3025587980878,22.3351154234163,23.3109899302817,24.3400177995025
"100",100,22.0720310833384,22.4643376972271,22.2367312987875,23.4090674757299,22.3980944702372,23.2612230982584,24.3530208907482
"101",101,22.0732865996197,22.4529170949878,22.2212805901599,23.4675764931124,22.4352231771443,23.2945235247385,24.4771497692299
"102",102,22.0987601619852,22.4093029400773,22.2142050167592,23.5637419293408,22.525966997628,23.3163322659138,24.5578392990553
"103",103,22.1004827172677,22.4056134300395,22.2266257417283,23.6265028428384,22.6249277222486,23.2839915685666,24.5203680114978
"104",104,22.114623298878,22.4102264557394,22.1954968390676,23.6951576456859,22.6438690784475,23.254667468448,24.5219841656768
"105",105,22.1051624030935,22.3763164428411,22.1862633683216,23.7061915541287,22.6952662782427,23.2671789688847,24.5017826053736
"106",106,22.1090289121959,22.3991391048105,22.200043642478,23.8243362714573,22.743114379809,23.247154243038,24.49954443105
"107",107,22.1079719303679,22.3748253562759,22.2369763913552,23.9175359874631,22.7764067891628,23.2507550462037,24.4808695853368
"108",108,22.1082022647367,22.3874621800769,22.2580654446824,24.0212320680654,22.8022671938589,23.2613209692013,24.4908003827348
"109",109,22.1066408317892,22.4090398655706,22.2580661147915,24.1137246339039,22.929010155179,23.2835177628923,24.4907872321492
"110",110,22.1158870713663,22.3893742453204,22.247511903873,24.1303155605355,23.0140667383113,23.2849334573499,24.5277501747799
"111",111,22.1056367370981,22.3505625313039,22.2479818292698,24.2100359195715,23.0554340258401,23.2296516009654,24.6080588715192
"112",112,22.1118268617457,22.3565931907831,22.2340884641745,24.3011785046481,23.1709208257885,23.1436707192241,24.5953685738426
"113",113,22.1206738067127,22.3450312637697,22.250882645695,24.4020269416089,23.2806618608443,23.0813450103808,24.6642350604448
"114",114,22.1187755603082,22.3922249428923,22.2382179693541,24.4380291442759,23.3658082288884,23.1447186733325,24.6921315244707
"115",115,22.1142943430496,22.3924634086084,22.2488659048817,24.5223458513256,23.4405607471131,23.0865745963439,24.6682934818957
"116",116,22.1256697467166,22.2518018332863,22.2273620971269,24.5105857663724,23.5319229692331,23.0919766098836,24.640089480801
"117",117,22.1162083888706,22.2727179333543,22.2324835331784,24.5971573884116,23.6757343424101,23.1523676070981,24.6736304060623
"118",118,22.1494874747615,22.2833251732523,22.2354268204569,24.6150039939634,23.7505837265916,23.2618576438964,24.719989330801
"119",119,22.1585757339517,22.4063019238085,22.2575196183638,24.6952259955734,23.9110102854355,23.2797533490109,24.7208503698459
"120",120,22.1660142822957,22.4699117687831,22.2669356790465,24.7481463614698,23.9986724098442,23.3871075743103,24.7657603395592
"121",121,22.1625251158022,22.5005153100169,22.2436358124448,24.8264741152793,24.0704731732425,23.3911188706481,24.7717565321945
"122",122,22.1651086424854,22.5329912421792,22.2304885753795,24.8344276611981,24.067750407934,23.4285118748504,24.7537887492685
"123",123,22.1794667977912,22.5642752474897,22.217594312397,24.9258819570824,24.1284471113722,23.5289083964028,24.7618571228747
"124",124,22.1788155666397,22.6203835136309,22.2220984270681,25.0030489559808,24.2191709101831,23.6441161404765,24.716798417092
"125",125,22.192491673671,22.6802899953005,22.2174449451808,25.0730016918789,24.3124542239448,23.7337138764171,24.73424362419
"126",126,22.2113092137995,22.7198461490142,22.2084943745588,25.0803686981741,24.394288365709,23.8883452807321,24.7202553007897
"127",127,22.2251221681809,22.7703093599975,22.194618380601,25.0884677550301,24.4840559270276,23.9928207082235,24.7505321122981
"128",128,22.2216906476102,22.8284494697323,22.1690408441063,25.0862867687717,24.6020505779171,24.069985148966,24.7637452046797
"129",129,22.2586909826841,22.8608670184414,22.154820703578,25.0791025972361,24.6128116510571,24.0405505289962,24.7974247459273
"130",130,22.2702974196241,23.01258444737,22.1714386662512,25.0769398112623,24.6646000509202,24.158670019735,24.8116329843747
"131",131,22.2728768457511,23.1722223771841,22.1827946313211,25.0622893521296,24.7329101059842,24.312271608765,24.8154590737278
"132",132,22.2764214015123,23.3071059844298,22.1905223769827,25.0707869379604,24.7415576929257,24.422576438709,24.8759875078925
"133",133,22.3508930684973,23.4349836662573,22.1726578583387,25.0569938571645,24.7479627069451,24.5280047140652,24.8926970042977
"134",134,22.3604225649143,23.5371489593406,22.2099815242656,25.0468488653672,24.8087745561381,24.5691415070223,24.9086437797862
"135",135,22.3799900395156,23.6905396277352,22.2216633580498,25.0187031507474,24.8805230978692,24.6553052101812,24.9807038242051
"136",136,22.3856023572775,23.8335893889296,22.277560853311,24.9918627426554,24.9190736470958,24.6763078493906,25.0446590328275
"137",137,22.3879020293554,23.9465983151359,22.2726199446108,24.9947358358728,24.920477342402,24.6800310067293,25.0640327943796
"138",138,22.3731826525625,24.06713175509,22.2770991562997,24.9155767450155,24.9934675207416,24.6199979756057,25.0663316174366
"139",139,22.3823152830729,24.1104232058352,22.254938909019,24.8935307826192,24.9728192786824,24.7314956890637,25.0897601533658
"140",140,22.3875823535369,24.2104477269346,22.2566064079967,24.8251915133272,24.9516848253022,24.7496524316613,25.0910903013693
"141",141,22.4059634336389,24.3346586801866,22.289197555693,24.7911548779912,24.9336913127484,24.7866540027595,25.1320666069822
"142",142,22.4154102443366,24.4694321498536,22.3161897338016,24.7476561084863,24.9337488296442,24.7664572221689,25.1640827884143
"143",143,22.4242852263727,24.5529075125083,22.3337297174567,24.6915339516971,24.8791112791234,24.7057149958177,25.2133806084767
"144",144,22.4207902032775,24.6593816969931,22.3382516989332,24.6325489972335,24.8344089319786,24.665291627705,25.2800936142672
"145",145,22.4073848063725,24.7477080327807,22.3441935280994,24.6128289128388,24.8069370042721,24.6483908065651,25.2939537223253
"146",146,22.386419945418,24.8343807711333,22.3669978303752,24.5800659278647,24.7761461719808,24.6164154231082,25.3283120748763
"147",147,22.4250627079213,24.9209443939997,22.3703720881624,24.5855231224172,24.7539959761421,24.6181430442845,25.3191649471223
"148",148,22.4250082165096,24.9907943191709,22.3981070111725,24.5538982061186,24.6877711194507,24.5805053593246,25.3585257896329
"149",149,22.406409564653,25.059867575506,22.4082508455729,24.5228356688662,24.6222205299969,24.6333512803108,25.3542149624383
"150",150,22.4026612069491,25.0443464868205,22.423118901713,24.4411470049051,24.5961940341109,24.592910952592,25.380760901744
"151",151,22.383391002965,25.034013629459,22.4292471503403,24.3120349607624,24.5930391111539,24.5541565139523,25.3986252816578
"152",152,22.3922543136982,25.0426482161927,22.4204261177704,24.2116370748237,24.5752860137306,24.4938138024289,25.3966671277298
"153",153,22.3164178908984,25.0539766120978,22.4185645312225,24.1388488084723,24.5592838641017,24.4878697885389,25.3887871301742
"154",154,22.2979034327645,25.0611686171745,22.41490486349,24.0868283565003,24.5260810994168,24.4692145032143,25.3739767839989
"155",155,22.2688051449174,25.0438358666519,22.4248771711854,24.073576455225,24.5006142772223,24.4351149493472,25.370814340646
"156",156,22.2546578732729,25.036491857492,22.3962039612557,24.052956220097,24.4679402992291,24.3821951889367,25.3677982233597
"157",157,22.2574261597848,25.033798854246,22.4142356791617,23.9474496900272,24.4007557730817,24.3759797956831,25.3657220304669
"158",158,22.2666613724481,25.0159598910331,22.458273657049,23.9214869681807,24.3231293416537,24.4176886899254,25.3685631646594
"159",159,22.2390168686274,24.9978050239675,22.5000507372248,23.8304124404742,24.268942097186,24.3550644027355,25.392210581754
"160",160,22.2466913825526,24.9831651958988,22.5268750481397,23.7955674924661,24.1726352219405,24.3092065544052,25.3969678218923
"161",161,22.250856323093,24.9821033172089,22.5802924731086,23.7241746439496,24.1156879625032,24.2707614141246,25.3965257531069
"162",162,22.2419593204341,24.9648127772001,22.634055279055,23.596812616673,24.0550942912499,24.2021188036375,25.4014547073986
"163",163,22.2561501273143,24.9794406750531,22.6955783835523,23.5111560181457,23.9833702579288,24.196263472083,25.4127662652855
"164",164,22.2923806858803,24.9689932666827,22.7615915166948,23.502105710095,23.9020917590534,24.1260763319935,25.4172719061644
"165",165,22.3718391729193,24.9534332990508,22.906034265302,23.4349925807237,23.8031387042664,24.0558067485763,25.4274620105481
"166",166,22.4429980940359,24.9195880362423,23.0286330196843,23.3314132081646,23.7092829721409,23.939581161126,25.4288022735949
"167",167,22.4541383715923,24.9240118509559,23.0959931875833,23.2270250736268,23.6024272700867,23.8237885876378,25.4428483666785
"168",168,22.5042088852908,24.8732604338359,23.1850753695295,23.2331707680551,23.5226794929774,23.7650472036428,25.4500963552237
"169",169,22.540226798482,24.8740369761053,23.3286839770874,23.1716059635898,23.4390288695871,23.6987296800358,25.4596035554857
"170",170,22.5650653050522,24.8341651791899,23.426581610099,23.1457588856094,23.3695948986103,23.637570651106,25.4603271822886
"171",171,22.6516079016863,24.8401037514107,23.4975786697949,23.2063115042557,23.2506960700562,23.5444824322084,25.4668574120797
"172",172,22.669262400617,24.7764184578423,23.6265014883014,23.2021427054081,23.1257231380954,23.5180601019818,25.4665344351872
"173",173,22.742643262204,24.7201223803316,23.7559768657502,23.1665711958093,23.0349998331733,23.4708911766961,25.4594677421034
"174",174,22.7881452558889,24.6547518827721,23.8728970979632,23.1070552200864,22.9655749607386,23.4486412015157,25.4668347875481
"175",175,22.8690954447307,24.609713879267,23.9942696092224,23.0316822507305,22.8751656391238,23.38365864264,25.4642005969113
"176",176,22.9100255427042,24.612007110324,24.1290966954521,22.9529101221617,22.7578227938331,23.3378902212693,25.4680838268804
"177",177,22.961772858858,24.5585243830776,24.2688114079401,22.9620252364159,22.7461777046997,23.3332343637227,25.4718678036375
"178",178,22.979696457223,24.5032055426117,24.3772709528671,22.9474488534729,22.7361093744027,23.2797065412133,25.4556541211653
"179",179,23.036436784439,24.4288012922892,24.4794575109085,22.9726834536574,22.6707006303805,23.2657476559434,25.4502585474356
"180",180,23.0542506425807,24.3432033356752,24.5867302815054,22.9664107071035,22.7121039829487,23.238836680943,25.4350142802298
"181",181,23.064296035349,24.2586054902325,24.6676901592677,22.9397214475827,22.6540713394871,23.2121078029016,25.4132043025834
"182",182,23.0724135855837,24.2739024707297,24.7485971150019,23.0151721294149,22.6315798111675,23.2131186449501,25.3859653986983
"183",183,23.0837955371322,24.1978974235081,24.8317443779316,23.0716277979598,22.674914809153,23.1769270575871,25.3745830204767
"184",184,23.0811317184546,24.1733986140752,24.9049848067714,23.0415098330207,22.7531662069208,23.1839280038304,25.3532244421618
"185",185,23.0629893571834,24.1006635132396,24.9075835694838,23.0167943872956,22.7878772788061,23.1472660211098,25.3314872061887
"186",186,23.0293465339936,24.053632879835,24.915291172701,23.0308175225637,22.7867992419203,23.23772631168,25.2993595460585
"187",187,23.0000897618675,23.9628242164866,24.9882942269478,23.0222876080658,22.8520439238261,23.2902827742713,25.2808824598612
"188",188,22.9706057061852,23.9241455610939,25.0361193780825,22.9511822613616,22.9000460175498,23.3153710594315,25.2573074253943
"189",189,22.9256011250097,23.8471485630312,25.039368216195,22.9476288013909,22.928382264404,23.3869562923948,25.2303295503292
"190",190,22.9283278022136,23.7972235802419,25.0769207624912,22.9654766116704,22.9281529682745,23.4105842172677,25.2234612773497
"191",191,22.8884701087002,23.7214140676919,25.1412253348401,22.9502219038835,22.9861005746777,23.4053392613745,25.181152934149
"192",192,22.85286643423,23.7272197783594,25.1236890041172,22.9234879390873,23.1150842754354,23.4548208102984,25.1538015658567
"193",193,22.7867321004687,23.738368297441,25.1126477598097,22.9205125325214,23.1433251458869,23.4568844260777,25.1180915286973
"194",194,22.7630026891098,23.7120868266022,25.125398859812,22.9200367763514,23.1408857437919,23.429348638549,25.0960406899147
"195",195,22.7261985605107,23.6896654654861,25.1157880794988,22.920151175044,23.223328974235,23.4426535056935,25.0789716841367
"196",196,22.6827685657995,23.6377425159172,25.1024577636551,22.9160321671642,23.3358196237864,23.4357385101381,25.0415702983642
"197",197,22.6194067092733,23.6186462215889,25.0801117667061,22.9003708312848,23.3359753535303,23.3883153628901,25.0152499570001
"198",198,22.5895460447354,23.5856760085977,24.9920320913515,22.9037201161109,23.3467973203969,23.4147975865463,24.9883748763853
"199",199,22.5564523901072,23.5780547392735,24.9189222478743,22.8979379862118,23.4103399015303,23.4031956773306,24.9610909897163
"200",200,22.5150689290506,23.5930222285065,24.8607821365185,22.9120684523335,23.3964806976186,23.4087743762124,24.9334041053087
"201",201,22.4893841168984,23.5928237374747,24.8574649249211,22.9360451181815,23.5248752811982,23.4061052719655,24.9375508407692
"202",202,22.4911903714545,23.5063020237111,24.7830445775704,22.910862523268,23.5778968550042,23.406506847741,24.916389158035
"203",203,22.4433781146982,23.4927599749873,24.7019967251565,22.8911183584264,23.5060820016466,23.3947331565216,24.8881688880388
"204",204,22.412223229316,23.4214404313348,24.683241505541,22.8872441595859,23.406960603255,23.3676734218005,24.8762669469142
"205",205,22.3827220471608,23.4290610415566,24.5676889136041,22.903753306291,23.3816491349795,23.3716209879165,24.8618911306939
"206",206,22.3535781452026,23.4386772135715,24.5711884841918,22.9204923902035,23.3999236375659,23.2908954914579,24.8680455610901
"207",207,22.3343669972381,23.4544543706042,24.5667706806191,23.013601416062,23.4199657585687,23.2783268437507,24.8418633578686
"208",208,22.3031472232768,23.470682472993,24.4787408765346,23.0261120655358,23.4161336386536,23.2033630618175,24.8046887890413
"209",209,22.3006786426294,23.473173955927,24.4669276317897,23.0427914583613,23.48357185676,23.1456909404369,24.7945265425601
"210",210,22.2696001302787,23.4641690599817,24.4453314048736,23.0501027308981,23.4367042354841,23.1199522081319,24.7786653272781
"211",211,22.2314801751735,23.4538181502355,24.356724860523,23.12335995315,23.4250087810382,23.0907197007648,24.7788543033776
"212",212,22.2220009999182,23.4228455401789,24.3136682726015,23.2038411335117,23.3807771984925,23.0173904788108,24.7724802553318
"213",213,22.2096092869217,23.3869342853526,24.2531258390155,23.2289784931573,23.3685014312507,23.0036606501106,24.7926782402965
"214",214,22.1829354538146,23.3772134522053,24.122041889827,23.2661950223467,23.4254944401898,23.0115352820405,24.7900448800166
"215",215,22.1661407421907,23.3770309204208,24.0564863331624,23.303507328609,23.4120175004018,23.0463047123774,24.7806615548627
"216",216,22.1831563557587,23.3472759196799,23.9638064708732,23.3405327053484,23.3317674113515,22.9894750733465,24.7693628618508
"217",217,22.1747486797398,23.3110406946225,23.8731192047218,23.4361181557825,23.2878531074999,22.9644459767392,24.7549753995732
"218",218,22.1969812692975,23.3197376197159,23.8692769364103,23.45640645802,23.2682789907505,22.9368868607597,24.7545614092808
"219",219,22.21985609274,23.29101128241,23.8538000358441,23.5526006556681,23.2118150082652,22.8692434411945,24.7776871791319
"220",220,22.2410955660948,23.3448279902964,23.8152636695319,23.5673312874987,23.2155107210192,22.834865352903,24.7809525525122
"221",221,22.2524968792871,23.3366644206165,23.7107529992327,23.6655668571312,23.1327078458244,22.7981631782887,24.756200590801
"222",222,22.2283412547793,23.3266932012696,23.7040420374059,23.770054777259,23.1349126573297,22.7674230522601,24.7694840558622
"223",223,22.2232588214535,23.3660366442977,23.6825687130266,23.860797515449,23.1883490649488,22.7387050244669,24.7824285856945
"224",224,22.211703840868,23.3836548672733,23.661384806068,23.9624511570454,23.2505765032806,22.710833410368,24.7845565552933
"225",225,22.2062485900208,23.3761291602578,23.69056665561,24.065713018793,23.2886845944366,22.7292367386324,24.7743026029398
"226",226,22.2029936438175,23.3397480242342,23.6057287043026,24.172217729872,23.3085510087527,22.6916440789177,24.7764371408792
"227",227,22.183041676686,23.3235598145445,23.529055453511,24.188284212993,23.2704340261768,22.6166663451359,24.7822982337239
"228",228,22.1763042052535,23.3089753019146,23.5039946181062,24.2694889726994,23.2589111050613,22.6051030559677,24.8141905094159
"229",229,22.2139685333583,23.3053330161776,23.4105035409467,24.349908175908,23.2389956786197,22.5496394090779,24.8098454054877
"230",230,22.246931160624,23.3411734458288,23.3380467468546,24.4376082844429,23.3065940762956,22.5125106459827,24.8051142337004
"231",231,22.2617375115176,23.3418246744842,23.3077229727479,24.4611405093649,23.3561559001514,22.5311769535741,24.8120742189674
"232",232,22.2891902620249,23.3622431669589,23.3108012424906,24.5050828720639,23.4179541679879,22.5246447460155,24.8106056775705
"233",233,22.3105802764929,23.3621356835217,23.3202859306203,24.5962102983418,23.4648039314055,22.4842192815011,24.8017152418147
"234",234,22.3401053269357,23.3750802544871,23.3787810468654,24.6876473905711,23.4923073081321,22.4548657970199,24.7988991121532
"235",235,22.36138763485,23.3751384463296,23.3789304833271,24.7786240548405,23.5081248308318,22.3777172158679,24.7989147010432
"236",236,22.3870196944533,23.3712314817887,23.4026439667501,24.8671472692076,23.6125932999339,22.377558998313,24.8008280613217
"237",237,22.4158898480199,23.4080150165499,23.4004144684438,24.8807504235942,23.7403474004304,22.3694655588872,24.8161721975417
"238",238,22.3869844776049,23.4077531813661,23.4060077985796,24.9704580298761,23.7716352103221,22.2951127329698,24.8248693833682
"239",239,22.3718625668744,23.4365070148664,23.3479576229405,24.9688090439698,23.8790293370644,22.3116567062984,24.8165846840949
"240",240,22.3521551860813,23.3743280829964,23.3637046906972,25.0528949460412,23.9662560565777,22.2866789716478,24.8286432660744
"241",241,22.3621912832355,23.3821760439068,23.466103068315,25.0516375854965,24.0695911734544,22.2458003328901,24.8369127162348
"242",242,22.3908090564508,23.3920867149955,23.4662126898036,25.0723636965197,24.1042647318362,22.2477096590289,24.8358719331525
"243",243,22.4340047975945,23.35725797654,23.5434323391934,25.084794292716,24.2001376753642,22.2750507365099,24.8306494135753
"244",244,22.4677348953017,23.3571069190982,23.4687482659566,25.0877773680947,24.2914970386988,22.2581759589106,24.8247859502438
"245",245,22.4950650967212,23.3571606207325,23.4610877513499,25.0935482363593,24.3677958005819,22.2021072243931,24.8385327350817
"246",246,22.5482522495779,23.393372248996,23.5295373428943,25.0962445525067,24.4553969878147,22.2505682638633,24.839358988003
"247",247,22.6106335865747,23.3938548351183,23.5285197636987,25.0994221583792,24.5378642657013,22.2351740552529,24.8350216221755
"248",248,22.6244325575899,23.4008365349355,23.5533198303131,25.0987432654487,24.6482610502486,22.2650207377334,24.8284733237779
"249",249,22.5944793588178,23.4045689882265,23.5830424048747,25.0987038051098,24.6369409852955,22.3123886783313,24.831407122305
"250",250,22.5813019344609,23.4013199710542,23.5763239768908,25.0935066221698,24.6971153137082,22.4069466524286,24.8315491476187
"251",251,22.5965016062511,23.4792695813988,23.6141757839644,25.092293305246,24.7110721501145,22.4255820728987,24.8318662055908
"252",252,22.6315023251757,23.4544792027032,23.5973323599383,25.1059139715209,24.7133974816891,22.4053031839163,24.8398528148719
"253",253,22.6378614798446,23.4541976470898,23.5986811011613,25.0868313175365,24.7673233945111,22.4032636576783,24.8412966619717
"254",254,22.6622677428431,23.4455758771547,23.5910136641329,25.0055341482674,24.8025752371518,22.3721577015938,24.8431445405368
"255",255,22.6660037726138,23.4370548494468,23.5927940054209,24.9259296946031,24.8351716962257,22.3918577329047,24.8469650705248
"256",256,22.6595680788857,23.4330410788245,23.5706866325269,24.8538195194761,24.7922982934763,22.3929946041181,24.8622593176428
"257",257,22.6695359350843,23.4150492009284,23.5935316590342,24.7790026414864,24.7929613217628,22.3737151474186,24.8732435835114
"258",258,22.6877405554796,23.4155029393731,23.5994884975889,24.7054466954116,24.8642070048701,22.3807589228537,24.885442588205
"259",259,22.708546679607,23.4067908195353,23.6575067039185,24.6311222973288,24.8725503036742,22.3592293464085,24.8814078675663
"260",260,22.7420521557102,23.4235425764571,23.6556158171193,24.5316917613313,24.8593900160421,22.455435747637,24.8890945182381
"261",261,22.7440696520975,23.4064298252398,23.6391013184919,24.4482026046412,24.8441426348302,22.5836002499657,24.8927025222824
"262",262,22.7164393380449,23.3919506711346,23.639109316578,24.3426933422147,24.8131350797503,22.5677785650407,24.9166158031949
"263",263,22.7180235113415,23.3744304987656,23.566764952593,24.241259145442,24.7906755827085,22.5262871645819,24.9225911376815
"264",264,22.7375193403805,23.3570434866283,23.5843645126713,24.1442572097043,24.7811608579193,22.5661317964083,24.9357831765157
"265",265,22.7426581632161,23.3391721848452,23.5974136911896,24.0515529674722,24.7882667619871,22.5797323736724,24.931673067075
"266",266,22.724867483214,23.3220928419513,23.5990848779224,23.9502394669584,24.7462595929346,22.6175197264771,24.934218617506
"267",267,22.7007301322424,23.3125977779768,23.6016029867839,23.865373894725,24.6829573363144,22.6499667493027,24.960817544003
"268",268,22.7542701268353,23.2947945670735,23.6726380326521,23.7910932562344,24.7026023870016,22.6290454973497,24.9712145184223
"269",269,22.7925044326314,23.2767572553778,23.6679270581873,23.7058224318098,24.789468961307,22.5994079202439,24.9821222484968
"270",270,22.8226478358823,23.2671248961862,23.69390904307,23.6210051118621,24.7941031645336,22.5552232237685,24.9913213565004
"271",271,22.8434475235705,23.1799602303251,23.6910476551112,23.5335729566848,24.6795568438979,22.5729397436822,24.98941293517
"272",272,22.8377100211765,23.1708886429551,23.7140126535593,23.4320694317876,24.6419270297142,22.6308700361108,24.9965979908704
"273",273,22.917254309099,23.1537995743698,23.7900451433205,23.3701121266621,24.5507251038873,22.7248349846652,24.9941547465038
"274",274,22.9552673786729,23.1448826493819,23.8636160828054,23.358847111542,24.4812382156369,22.8739548871275,24.9966018854948
"275",275,22.990045882544,23.1360845725913,23.8648401220964,23.3429909813317,24.4705973227209,22.8969859148945,24.9962822259186
"276",276,23.0251415379015,23.1469062791954,23.9542597724594,23.3221198535884,24.5028566063951,23.0122794753653,24.9990896128205
"277",277,23.0673078363224,23.1471259458337,24.038290319899,23.3276300224961,24.4483108849441,23.0604316967929,24.984879225817
"278",278,23.0490679961793,23.1348119135722,24.1118323121595,23.2850268782187,24.3192914758157,23.180133534729,24.9833483172422
"279",279,23.003868895416,23.116617542661,24.1149586380389,23.2596988464176,24.2369414711635,23.2963912162557,24.9837223981274
"280",280,22.989422642127,23.081322700494,24.1906181443061,23.2455529178385,24.2265292963849,23.2172386850418,24.9815743933391
"281",281,22.9448509910984,23.0717019587666,24.2044838285744,23.2035750611314,24.1890095631361,23.0894052134735,24.9859049779449
"282",282,22.9722381238456,23.0975265222259,24.1954516478806,23.1765696070786,24.183807810316,23.089185388461,24.9729535849612
"283",283,23.019195136421,23.0845314087674,24.2859089515173,23.1533602503151,24.1287330034938,23.1248360343846,24.9638572361896
"284",284,23.0562528580724,23.0700843826207,24.3753520202937,23.1321097781443,24.0585671228218,23.0883713098194,24.9634244306278
"285",285,23.0875505263371,23.0513965841998,24.4489361014938,23.103913780693,24.0270295235901,23.1466417427976,24.9778086772344
"286",286,23.1373969379637,23.0369543533012,24.3787285176611,23.0951893279606,23.9582465767678,23.1918835091679,24.9732720378142
"287",287,23.1172919802118,23.0180624422638,24.4512192088532,23.0580237592985,23.9244530390479,23.2598829135841,24.9541736659633
"288",288,23.0442491648442,22.9884496226844,24.4478975009607,23.0232476050015,23.8271857857671,23.2650487227559,24.9501749506956
"289",289,23.0737252736977,22.968743091631,24.5252764403409,22.9981663261795,23.7909788644839,23.3864441423653,24.957918953409
"290",290,23.0971454854106,22.9271717398861,24.5875979184284,22.9635103870799,23.672698389585,23.4615456201308,24.9328631251679
"291",291,23.0532828383257,22.8944434166924,24.6640918043949,22.93178892395,23.644765407628,23.5360662990838,24.9386458351282
"292",292,23.0016413513622,22.8983888877313,24.7361355762042,22.8998433182176,23.5243024916099,23.6320787877058,24.9282019597398
"293",293,22.8900694939687,22.8690920303424,24.7422049880453,22.8723380487815,23.5250021681219,23.6246638154286,24.9217623735689
"294",294,22.8120115672128,22.8549379231718,24.7452394887078,22.8475491316966,23.5061213376471,23.6245939193644,24.9166680228992
"295",295,22.8028992256009,22.8416666064458,24.8136279409634,22.8497214361277,23.4680341463545,23.724826726912,24.9145648113938
"296",296,22.7336953899302,22.7962527994493,24.812353274326,22.839282466542,23.4002545024033,23.7767403280633,24.9279609713045
"297",297,22.6496960909814,22.7767433973475,24.7346031998663,22.8040745681486,23.3525205639392,23.8759800949997,24.9436805958962
"298",298,22.682847790608,22.7611839877754,24.6746357464902,22.8293105643777,23.3949757464138,23.9050310094202,24.9535612910309
"299",299,22.7352526928922,22.7464474215503,24.6881428666981,22.8376954755935,23.3666183586101,23.9132191143085,24.9540380672649
"300",300,22.7010679645629,22.7367968452451,24.622240378766,22.8492127854819,23.3576036382486,24.0639009631539,24.9522267659566
"301",301,22.7011927678169,22.7608329345608,24.6212031690585,22.8821870630789,23.3185682895187,24.1480433413881,24.9563616158445
"302",302,22.6542677555122,22.712912058984,24.6911856355795,22.8988959967239,23.2744928264999,24.3227142956745,24.948694820752
"303",303,22.5624477911323,22.7014467171566,24.6187739095242,22.9137080431334,23.2351821270594,24.3858024807036,24.9562506774572
"304",304,22.4712094465388,22.6965926990485,24.5530976781919,22.9423270592236,23.2130955033802,24.5361703499975,24.9485844142819
"305",305,22.3808316814718,22.7187236692696,24.5411789357851,22.9655279865395,23.1456084475093,24.6258003214646,24.9456525490769
"306",306,22.2886606287183,22.7141320006102,24.5340007151749,22.9676039108199,23.1573318760956,24.6653257001984,24.938804012189
"307",307,22.2704394167037,22.7142162608381,24.4439494693635,22.9917824555135,23.1456924524733,24.7406804703342,24.9439864461381
"308",308,22.2702930761077,22.7249973175522,24.3604519157443,23.0099359974263,23.1444953200567,24.8929669697608,24.9408880852998
"309",309,22.1785513593949,22.7262936273505,24.3452392150901,23.0257593832213,23.0527580333801,24.9340636162733,24.9440580992777
"310",310,22.1007770286899,22.7492484867392,24.2517329993601,23.0516624534402,23.0572234196037,24.9155421962467,24.9628103633609
"311",311,22.085175409763,22.7630928492591,24.1436063371018,23.0766413817151,23.1069255268112,24.8883370438202,24.9546584728988
"312",312,22.1821990915722,22.754391351181,24.0159854995302,23.1297109945624,23.1712925549463,24.851946279685,24.9639037307835
"313",313,22.3236926062812,22.7643750230041,23.894941241229,23.1833054696806,23.1564052540837,24.9344289339966,24.9760665914175
"314",314,22.442167935713,22.7592815110496,23.7729336800892,23.1817249066081,23.1489365287529,24.9616117856772,24.993766129827
"315",315,22.5370359700438,22.7535163135036,23.6646548838084,23.1689005638382,23.1930991281657,24.902094527966,24.9940242305939
"316",316,22.5805728543195,22.7549418957912,23.5668466895647,23.1633366791959,23.1954444114883,24.9011648941596,24.98443717473
"317",317,22.5825272985814,22.7557358044397,23.5559437593103,23.1674832379248,23.2729922217627,24.9166347368076,24.9728004137161
"318",318,22.5537315337703,22.7557051175474,23.5103088847257,23.1690736815952,23.2403144693137,24.9524728105648,24.9306803337881
"319",319,22.5936956262431,22.760837467194,23.4668659566274,23.1606152220497,23.2789157931185,24.965765088082,24.8999745665432
"320",320,22.7582983248418,22.7606301048466,23.4246241825737,23.1625666913517,23.2838650955882,24.9483834612743,24.8434773763217
"321",321,22.7583556642913,22.7269593074805,23.3218373412059,23.1593229306516,23.2718638083934,25.0306701766018,24.836801759652
"322",322,22.7584455354706,22.7255856962649,23.2168107965093,23.1696063621299,23.2785338055557,25.0377339446719,24.8310853133246
"323",323,22.8107621213314,22.7308755283064,23.1770578207934,23.1861097379541,23.2871445975846,25.0899747207752,24.8175731955186
"324",324,22.9797131047961,22.7212212993531,23.1464784135837,23.1840781744841,23.3698050132049,25.0551175389181,24.8070754707
"325",325,22.994908826513,22.6908330669892,23.050223345851,23.1888523364201,23.3758559174342,24.9410546441618,24.7969080809105
"326",326,22.9950005567434,22.6809204552803,23.0358081461824,23.1983940659689,23.4075322252451,24.9246349475991,24.7888331135383
"327",327,22.9952079190908,22.6748615226242,23.0409219590282,23.1984906595244,23.4350669307976,24.938020798011,24.7681493999626
"328",328,23.0045057154675,22.6670422508061,23.0724678457734,23.1947334592479,23.412146573968,24.9054763556672,24.746627030071
"329",329,23.0295470603472,22.657744753125,22.9786140836139,23.1903699267168,23.4259137176016,24.8987173529001,24.685456287035
"330",330,23.1057322627738,22.6264926446011,22.995360018384,23.1950748160646,23.4402204359775,24.9736908949981,24.6597646186479
"331",331,23.2812242734837,22.594126697939,23.0247498085041,23.1904239231586,23.4655679311844,25.0616922972843,24.6456227817161
"332",332,23.3331406671128,22.5472368525806,23.1359277720301,23.1599146642924,23.4599611498809,25.1251078483012,24.6128329541582
"333",333,23.191748603839,22.505831178935,23.1717896552556,23.1251471599165,23.5015238908264,25.1351751592004,24.5630174921245
"334",334,23.1372911253262,22.4789315550854,23.2125710372211,23.1438744082829,23.4961451484731,25.1331419080147,24.49191668108
"335",335,23.0102075782223,22.4370047213032,23.2487670577449,23.1595647919488,23.429266163491,25.2336373344026,24.47494340862
"336",336,23.0245415736614,22.4003723206401,23.2727895880323,23.1800541282126,23.5210407291792,25.2038556269189,24.4733981531707
"337",337,23.1942562434734,22.3667071620708,23.2889093433032,23.1849711222396,23.4643144952587,25.1568448028058,24.4583672138978
"338",338,23.3492371950701,22.3378209230866,23.3242717326606,23.1785433910815,23.4917088721198,25.1112839376503,24.4747219708344
"339",339,23.4227409417335,22.2960707660391,23.3267402786807,23.1788873049855,23.56672324344,25.1622214858197,24.504742067837
"340",340,23.4297493618831,22.2762333656583,23.3741096471657,23.2153178239934,23.4802030389645,25.1137243948041,24.5154576288337
"341",341,23.6114821299274,22.2349642216148,23.3947326026311,23.2161221260055,23.462853028448,25.1307670222472,24.506755940256
"342",342,23.7362156446546,22.1944362031678,23.4312839303853,23.294178358817,23.4521862415647,25.1390394538459,24.4907889817658
"343",343,23.7754697527306,22.1591672843648,23.4571031203348,23.2849046319651,23.475644178099,25.1759701491842,24.4639809329835
"344",344,23.6830286974817,22.1271478414595,23.4721596166356,23.2731704219464,23.4020426970102,25.1978867243471,24.4496346929182
"345",345,23.7593723034681,22.0934428997428,23.498355496339,23.2615043044724,23.4103074334364,25.288214027204,24.3981022461611
"346",346,23.8512930679596,22.0660453395031,23.5199639802725,23.2523022287182,23.3899211916714,25.271589450997,24.4069304022422
"347",347,23.8759250934617,22.0301047548586,23.5390931586399,23.2568945619776,23.3906730771955,25.2112096446,24.4204724357673
"348",348,23.8671814406093,21.9963629207552,23.5312298380017,23.2450207466122,23.4383959677572,25.2249680005455,24.4306107226195
"349",349,23.8653105235351,21.9729996250783,23.5628190001937,23.2397100094444,23.4859164408271,25.2076371234504,24.465008970512
"350",350,23.8715839269313,21.9576467053,23.5686670358166,23.2388974961462,23.5282054342964,25.1560695772908,24.4672789051218
"351",351,23.7900599300361,21.9483361423911,23.5816483277441,23.2436849455767,23.4995850721932,25.0817682665182,24.4721175045304
"352",352,23.6390348244548,21.9392861771008,23.5191833274527,23.2498847449873,23.5266786391827,25.0155416923403,24.4637454901099
"353",353,23.7341776778442,21.939391129633,23.5200854657464,23.3167675641496,23.5069577447487,24.9500995900927,24.4703374315265
"354",354,23.7482889511755,21.9246762707373,23.6012179895023,23.3389950457546,23.5298303195413,24.8676865518074,24.5017940749896
"355",355,23.8116714728463,21.9247706939232,23.5997322556762,23.3279727372815,23.5299534623062,24.8423172318093,24.476907392973
"356",356,23.9178649777029,21.9246462209642,23.5999157696457,23.3419999606188,23.4541118907394,24.8269866452394,24.4598002033292
"357",357,23.8464271456063,21.9166201965124,23.6000850386345,23.3421639201885,23.4690698483777,24.8391380601753,24.4520235861642
"358",358,23.7654107652625,21.9038343307449,23.5966329062457,23.3507696336308,23.4897043066494,24.8126595199372,24.4271078057948
"359",359,23.6845117200169,21.903821291075,23.6209206604168,23.3591386066752,23.4285654248516,24.7283430419391,24.4059705147526
"360",360,23.5969122673467,21.8818903718893,23.6003950206091,23.3319752624137,23.5389644276061,24.7631968224116,24.4334230771904
"361",361,23.415548388259,21.8817576001588,23.6212915073289,23.3478888351138,23.5908880088477,24.6404129904093,24.4253348569428
"362",362,23.3529606793579,21.8865677270007,23.6128491505399,23.2701934074998,23.6061178282324,24.5318912359353,24.4098924262483
"363",363,23.3529035796006,21.880351230936,23.6177390166955,23.2790248964045,23.6770541050569,24.4464249087291,24.4305311662294
"364",364,23.4341456180706,21.8805956770199,23.6197493653542,23.2829550519417,23.7581034207687,24.4423603853603,24.4098079655346
"365",365,23.4625884004804,21.8811317789637,23.6119849086505,23.3768537105826,23.7734336695307,24.4517118467627,24.4413732867866
"366",366,23.4976393874463,21.8767673820519,23.5960199905643,23.3913617982107,23.8612495748248,24.4298342283107,24.4079006126186
"367",367,23.4752019602068,21.8770573112831,23.5720383962806,23.3860065707557,23.8722839188749,24.4292664758513,24.3957746245667
"368",368,23.4857485983079,21.8767255788436,23.5570774386019,23.4026540755448,23.8617506731679,24.4160442859799,24.3967217986288
"369",369,23.4657737244586,21.8674807871769,23.5505103495924,23.4169700404209,23.853972247815,24.3490038022402,24.3881878551459
"370",370,23.437453127934,21.8678309167274,23.5413702669423,23.4161486779766,23.8718260257051,24.3035438650397,24.364254451398
"371",371,23.5079891786197,21.8678769326956,23.5336017148336,23.4192044636423,23.9161160957574,24.3353611313734,24.3513753240169
"372",372,23.6744107785134,21.8677452313389,23.523066083293,23.4319766010787,23.9882228645512,24.3785348375936,24.3408108968728
"373",373,23.6613399392878,21.8676115049485,23.5228808770805,23.36352888829,23.998824904843,24.3933766388945,24.3632437417701
"374",374,23.574308885651,21.8676367245925,23.433530807446,23.341335147097,24.0668477461757,24.4530979740603,24.380765023799
"375",375,23.5060118306352,21.8677591708441,23.4257455040736,23.3544945862741,24.1344387789785,24.4620788892037,24.3763299423046
"376",376,23.425185545052,21.8675994176616,23.4180372948604,23.3898478773079,24.13594116295,24.5020758364405,24.3588612419022
"377",377,23.4138092453289,21.8672203198187,23.4017410982454,23.3941630179648,24.1675131242549,24.4854602113074,24.3487850147397
"378",378,23.334091451468,21.8845814483154,23.3868156947013,23.3931015407358,24.16132589019,24.4984339120472,24.3632888678453
"379",379,23.3204710892998,21.884772061722,23.3785289538634,23.3928224431677,24.1532688610443,24.5172597170802,24.3587582672863
"380",380,23.246179650984,21.8874331389305,23.3699991024312,23.3982205680001,24.0794099333886,24.5234278507268,24.3191311581228
"381",381,23.2462235367893,21.8956937630567,23.4251897753421,23.3960447977468,24.0689330771182,24.5262400937175,24.3399644856181
"382",382,23.1843771600808,21.8910411512021,23.433912559448,23.4002629805072,24.0530142382138,24.539217880816,24.3636430778255
"383",383,23.2146780183848,21.8912779392497,23.4255694248248,23.4086365724902,23.9898044563042,24.5705976519964,24.3420624170109
"384",384,23.2019899770874,21.8911543260038,23.4151313145794,23.4229726052304,23.9179005320305,24.5243126747078,24.3258951579322
"385",385,23.1466324720964,21.8905906335696,23.5009199465948,23.3529830950005,23.9249879480324,24.4998178681787,24.3280506585629
"386",386,23.1630651278839,21.8905472307918,23.5009448538383,23.3559434688254,23.849140070294,24.5008583932593,24.340817097013
"387",387,23.3270029244616,21.8904607012823,23.4920024897163,23.3609004289743,23.8331433160637,24.5258060477343,24.317609641607
"388",388,23.4886345186846,21.8907421055616,23.5411316715213,23.3606325606364,23.8210435867283,24.4964792561425,24.3206898513058
"389",389,23.5966069099771,21.9002597475765,23.5126820655081,23.3608605633878,23.8900930089039,24.5049625935542,24.3226953641969
"390",390,23.5332825310876,21.8999530208038,23.4897334376585,23.4253064666223,23.8385018601752,24.5288561720931,24.3578898527039
"391",391,23.4531481815231,21.8998485207048,23.4578282796691,23.4302208118471,23.9064554894496,24.5418136399864,24.3936778791367
"392",392,23.366167638657,21.899740717217,23.4485660131305,23.4301492855756,23.823355635607,24.5034263722623,24.4358101170147
"393",393,23.2847243604432,21.8998979506135,23.4322552135424,23.440145499096,23.814273950793,24.3966359008547,24.4491563273151
"394",394,23.3551545214279,21.9000776606875,23.4136372713046,23.4485008025804,23.731886103564,24.3921421801249,24.4437926467964
"395",395,23.405881488724,21.9000893853948,23.3707763419332,23.4479073265869,23.6529905234105,24.3417118676732,24.4866589903401
"396",396,23.4052990785191,21.9004359554258,23.3245209470252,23.3986548625317,23.6396488882939,24.334280272536,24.4915989995911
"397",397,23.473315863699,21.9015875017095,23.2794846790984,23.3989408992219,23.5934195740855,24.3387802061597,24.4946983416371
"398",398,23.633728876398,21.8845384035199,23.2272689650646,23.397650043011,23.5765027175369,24.2863028322169,24.5202472619247
"399",399,23.7195334812258,21.8841907559261,23.171328979735,23.3982950997266,23.5547138460759,24.1932361010728,24.5387339250171
"400",400,23.7102333675822,21.8818080276928,23.1113217064443,23.3905445987248,23.5411848980045,24.1206143391822,24.6068101265298
"401",401,23.7144564204732,21.8734270515287,22.9783364912735,23.3882629650858,23.5178629623608,24.1115468000386,24.577473012789
"402",402,23.7143209509252,21.8731848010358,22.9181152511116,23.3834901648915,23.5124612464162,24.1387871427705,24.5693847295626
"403",403,23.5928609359529,21.8753505942865,22.8664180864306,23.3662096219667,23.4962878460595,24.0411797516907,24.562099674761
"404",404,23.6187004652831,21.8758361874799,22.805844604278,23.3591618463773,23.4807630335092,24.0139347242055,24.6044657944123
"405",405,23.734432708177,21.8852058733945,22.6703399006408,23.3470552744998,23.4454244262168,24.0055161159486,24.5966934619556
"406",406,23.7791053990753,21.8850100913031,22.6095328151009,23.3345987410376,23.4837694679284,23.9381748859363,24.6118264149302
"407",407,23.7858207065179,21.8850443141698,22.557306533369,23.3350119305271,23.4789792728473,23.8811245737246,24.6309903469279
"408",408,23.7859394289435,21.8849152892042,22.4389387060036,23.3260578051751,23.4734226714181,23.8913080611061,24.5996824375827
"409",409,23.8474846404218,21.8759523747853,22.3993997241185,23.3169604172484,23.3912240326088,23.7896654275127,24.6074969343729
"410",410,24.0244771774754,21.8762017621085,22.3636189564336,23.245134725492,23.4010350963761,23.7533958180205,24.5915624887678
"411",411,24.1211385921814,21.8760746024388,22.3206067346764,23.2322728397105,23.3125725070602,23.66751747402,24.5714384023788
"412",412,24.2192465940759,21.8764431425686,22.2784286656293,23.2237875256781,23.3122684125223,23.692231629145,24.5580838841548
"413",413,24.3601775139801,21.8761799057301,22.2433874198557,23.2151663610194,23.3111740339923,23.7476064941403,24.5375545875248
"414",414,24.3766244539343,21.87782882665,22.2203470521641,23.2064531102503,23.3113161572735,23.6007217356145,24.5346000659929
"415",415,24.3767351483052,21.8818667554505,22.2066470195895,23.199645440991,23.3061367408874,23.5829233852855,24.5116898707628
"416",416,24.3770746124042,21.8816841772738,22.196244692607,23.1997970429673,23.3096012059232,23.5318049840648,24.5123964013119
"417",417,24.2171801733356,21.8805201214475,22.1930071112317,23.1997309313108,23.3927546444424,23.4179013003267,24.508946133623
"418",418,24.0447295100001,21.880231442959,22.1955930938529,23.1995523188714,23.3994891053836,23.4282758141309,24.5082262289644
"419",419,23.9178459411685,21.8803082744685,22.2033903568325,23.20002390305,23.4291672757195,23.4913055979192,24.4801069690153
"420",420,23.9212865722272,21.8802736623691,22.2415813759412,23.2085820859661,23.4535111273093,23.5016102481157,24.4598210601573
"421",421,24.0032760486192,21.889502628652,22.2503036412848,23.2088146765044,23.5010737234712,23.465363598182,24.4678010209668
"422",422,24.0952928229493,21.890184051491,22.2534048090997,23.2176396542117,23.5474370665467,23.4556412822368,24.4806505442788
"423",423,24.1864960180095,21.8967601985571,22.2568174139895,23.2352204714384,23.5654956750239,23.5046921588653,24.483443787942
"424",424,24.1071586055575,21.8964106519383,22.2694466990126,23.2425532749332,23.5806415675786,23.50670970371,24.4608611706367
"425",425,24.0183619903748,21.8872832165166,22.2828018309329,23.2514270956408,23.593180014858,23.4454829019543,24.4888535632984
"426",426,23.9222107128371,21.8872234444375,22.3058224671182,23.269051492244,23.5556511348208,23.4809024496608,24.493646527105
"427",427,23.84108332951,21.8875431952419,22.3290118242373,23.2783378088288,23.5459877658866,23.4231859418375,24.5021833537716
"428",428,23.7618881255707,21.8873952983616,22.3459663502512,23.2923842728894,23.5526607003689,23.4199514452507,24.5258968202325
"429",429,23.6808977861987,21.8903405872397,22.3758261461942,23.3107882347714,23.5407050765002,23.4595590446235,24.5154624425605
"430",430,23.5958026456363,21.8903310535878,22.3968115510493,23.333201195074,23.5262997438636,23.4655511165008,24.539217290363
"431",431,23.5767381103222,21.8903070069919,22.4179526285481,23.3585409216464,23.5065713933178,23.4172015305257,24.5321639838015
"432",432,23.5690707195282,21.8925807560778,22.4310157959306,23.3746706137988,23.4832891899748,23.302027041193,24.519265234448
"433",433,23.4426878228283,21.8925631540642,22.4442961457689,23.3878346025315,23.4463859044843,23.2713296490842,24.5233357437123
"434",434,23.3511995508448,21.8909430662562,22.4565721682492,23.4040847180148,23.4190173459577,23.3020418288448,24.5114129768743
"435",435,23.2596597736672,21.8868113206108,22.4714679867843,23.5050205643051,23.3727855834615,23.2549445035313,24.5239184580742
"436",436,23.1681234197679,21.8916356334544,22.4819129925632,23.503636951434,23.3323952809854,23.2360932185336,24.5305421998863
"437",437,23.1684678242637,21.8918989081222,22.5017497334062,23.5113224179366,23.1977182347225,23.2907719106057,24.5276337523103
"438",438,23.177100980601,21.8917173387487,22.517168890536,23.5198856214603,23.1341370607958,23.2702827809801,24.5114971921534
"439",439,23.3133551088106,21.8918463662437,22.5317709296331,23.528062708641,23.0589494529887,23.1921955621176,24.551431170768
"440",440,23.4126471006369,21.8916408964719,22.5244142221151,23.5280063829949,22.9779886048463,23.1868251736221,24.539345170014
"441",441,23.413615618199,21.8824119301891,22.5276827487607,23.536312233469,22.8799257462642,23.2669878670641,24.5441469772735
"442",442,23.3751771567012,21.88173050735,22.536917462491,23.5361572920027,22.7750850883841,23.2429125570032,24.5398920032149
"443",443,23.3207403075042,21.8724518996621,22.546038492637,23.5359183881338,22.6914699154218,23.1773911644489,24.5660504218936
"444",444,23.2290148746347,21.872107317692,22.5570472169245,23.5397117537985,22.6219051473898,23.1528614450502,24.5887140452862
"445",445,23.1458541198162,21.8722026258866,22.5554438165349,23.530698985557,22.5437706995617,23.1553118254651,24.5652756477722
"446",446,23.0542786335153,21.8725076971223,22.5554205059126,23.5354939366557,22.4657480703816,23.1372927846463,24.528079356949
"447",447,22.9626280943735,21.8719836495942,22.5554109541802,23.5345627767677,22.4149736159592,23.1569099522245,24.5156435285048
"448",448,22.9595001253108,21.8720610314771,22.5608397257917,23.5382416530669,22.3430347234535,23.0437477933129,24.5080921273893
"449",449,22.9921684991782,21.8687271262344,22.5415159743101,23.5372911787218,22.2823482322921,23.0617466543231,24.5063061473343
"450",450,23.0034269562252,21.8691508124502,22.5157225984204,23.5327328929637,22.2313968911098,22.9695003403523,24.491194371978
"451",451,22.9700571692251,21.8841997859186,22.4956627996947,23.525084137318,22.1857376917642,22.9379981875402,24.4991486504735
"452",452,22.9009941227867,21.8815003415991,22.46370508086,23.5171115661453,22.1345373131242,22.9137617810095,24.5195373029913
"453",453,22.8858890594682,21.886264023191,22.4239028659449,23.5039526635752,22.0944034548269,22.8569433848653,24.4984293797668
"454",454,22.8857503195425,21.8862810254865,22.3832901095936,23.5145398571506,22.064000359921,22.9126502419573,24.5138839852825
"455",455,22.9465278372008,21.8947689849759,22.3463786625266,23.4218371393205,22.040451509507,22.8539468848419,24.5086222964807
"456",456,23.1249263487044,21.8899445849758,22.314170519472,23.4312345664207,22.0035307629426,22.7721061714135,24.5048509831679
"457",457,23.2655510934882,21.8898152680997,22.2782325170472,23.4319767931026,21.9807354234186,22.731552052152,24.4978599507329
"458",458,23.3483437491571,21.8901132041939,22.241682116956,23.501572089375,21.9764231645526,22.672144920548,24.490305117732
"459",459,23.3216755383509,21.8901208218243,22.2082096896853,23.5014730927101,21.9626656570451,22.6526402168421,24.4669326485949
"460",460,23.3915645812748,21.8905518370774,22.1787063972149,23.493046847535,21.9545477371774,22.5644336643969,24.4550931691771
"461",461,23.4785318760782,21.8967276218582,22.1480801287771,23.514056158455,21.9447757897088,22.5398300068427,24.4376833659062
"462",462,23.4380558965149,21.8970581812497,22.1174496027463,23.5140413346259,21.9370574518449,22.4428258803721,24.4298476993642
"463",463,23.457279508606,21.8974038219942,22.0869204177989,23.5054632646232,21.9415550562892,22.4456452523859,24.413626300107
"464",464,23.5490872924959,21.8978024899961,22.0544764792514,23.4981049858933,21.9324285400662,22.4323624546626,24.390414304464
"465",465,23.6311744656664,21.8974139109005,22.022845218524,23.50311446434,21.9327640303773,22.3639626790045,24.3885740741911
"466",466,23.7227191662766,21.8975814077242,21.9903789040737,23.4807644326822,21.9327463358339,22.3376023236772,24.4103699484763
"467",467,23.8780244612799,21.897805291567,21.9695166436896,23.4539800630907,21.9230868951319,22.352283846103,24.4142529655118
"468",468,23.9161976052718,21.8980728542337,21.9376930754056,23.4314052219775,21.9190906665618,22.3521536377697,24.4220218724058
"469",469,23.7919380024121,21.8980270950402,21.9159213145887,23.4039945060706,21.9186623276999,22.3064988187584,24.4300056211253
"470",470,23.6955720614902,21.8973413222372,21.9048118997451,23.3767944476766,21.9144907397856,22.3070934032718,24.4261613270703
"471",471,23.5665345997142,21.8825853436237,21.8925119479247,23.3496313040704,21.9099727905121,22.3001815892815,24.4219602536603
"472",472,23.4626269692333,21.885874817652,21.8928874993438,23.3231106961928,21.9097120513407,22.2798573192553,24.4131370262173
"473",473,23.4625628910279,21.8853588323731,21.8922024357488,23.2886284489536,21.9098348773919,22.2800424986292,24.4373490376711
"474",474,23.6200918155307,21.8851690720393,21.8986793196069,23.2291674904563,21.8975522843765,22.2022963888209,24.396947872181
"475",475,23.7401049602707,21.8766407584358,21.8992006584725,23.1864930157942,21.9044149326304,22.2019789095052,24.369491283061
"476",476,23.7400501528729,21.8968742261079,21.8997502805844,23.1916744409728,21.9044198738697,22.1989588102723,24.3382150168921
"477",477,23.7723350664977,21.8968875551589,21.8944810218057,23.1272475131786,21.8997190896448,22.1762850915949,24.3421766764246
"478",478,23.8618076437238,21.9006244539194,21.8940954793805,23.0047251469201,21.8903550103021,22.2202852613313,24.3325982792467
"479",479,23.8953514364096,21.9005093630962,21.8911481295502,22.9534767874938,21.894966084684,22.2203049634637,24.3446629021727
"480",480,23.9026399357542,21.900487808794,21.8844548279517,22.9017096627523,21.890056754744,22.2262779713133,24.374667747363
"481",481,23.9057301472857,21.8944720209572,21.8849060336578,22.8163777436347,21.8996225810491,22.1536961907957,24.3836484520571
"482",482,24.0656774163337,21.894232836088,21.8852211565577,22.7591441896743,21.9013743915915,22.2139343906623,24.3770022058429
"483",483,24.1822009404145,21.8940663595797,21.8849032880094,22.6990322314588,21.8925768869235,22.1867243507916,24.3913537115667
"484",484,24.2649707847913,21.9011434049626,21.8865231075408,22.6281586918286,21.8924735598726,22.1567870877571,24.4275338291065
"485",485,24.3554404112013,21.9014954902894,21.8958928791147,22.5579718377566,21.8923536825334,22.1516670275621,24.4279030132007
"486",486,24.4189399621314,21.9013288904676,21.8960841785244,22.497495466603,21.9016677562206,22.1055856413593,24.4389735484496
"487",487,24.3551727092374,21.9013123689723,21.885185691049,22.4460858253852,21.9221570202798,22.0329076852868,24.4594124173669
"488",488,24.2517667307753,21.900903580975,21.8893058917689,22.3904680851251,21.921788851938,22.0292631498445,24.4421774350923
"489",489,24.2613126541705,21.9123312243214,21.8983907036437,22.3398926446727,21.9222078061349,22.0049208085907,24.4069196352036
"490",490,24.3350191169353,21.9126004875582,21.901731249239,22.2977780760788,21.9221331209687,22.0045253355517,24.3732013357957
"491",491,24.4268001050007,21.9121580864835,21.9063310466815,22.2561585062475,21.9275694817025,22.0090913527962,24.3227772055923
"492",492,24.518468310809,21.9092067929253,21.906362233328,22.2048311961613,21.9278045126394,22.0091897386078,24.3006474190301
"493",493,24.614180123974,21.9050201014036,21.9066691648548,22.1700426451426,21.9279620821676,22.0097949942077,24.2782119195942
"494",494,24.5482798424019,21.9048243193121,21.9001550846603,22.1327912949628,21.9294431081398,NA,24.2995230976069
"495",495,24.4575701299194,21.9049231575571,21.8999701434274,22.1021593397706,21.9233369613177,NA,24.3332411659498
"496",496,24.3691184265818,21.8849556596767,21.9028709252654,NA,21.92304922545,NA,24.3697655539087
"497",497,24.2878101317933,21.8848952546034,21.903280860584,NA,21.9228930779451,NA,24.3956334263884
"498",498,24.1957603582525,21.8808516290703,21.9035741314851,NA,21.9230318178708,NA,24.3999781345547
"499",499,24.1071913509601,21.8807156787222,21.9037121622028,NA,21.9136726967274,NA,24.3870976374885
"500",500,24.0187051408904,21.8806798935748,21.8995158454372,NA,21.9203717618866,NA,24.3751378109891
