"","Episode","batch_8","batch_16","batch_32","batch_64","batch_128"
"1",1,24.1150603044057,23.5952918041426,24.0323700261101,24.0876565251372,24.0876565251372
"2",2,24.092440248406,23.911763151188,24.4308486798462,23.8065246860197,23.8065246860197
"3",3,24.2195917758432,24.1516371307678,24.250998419898,24.0533495986191,24.0533495986191
"4",4,24.217434437496,24.1541940228479,24.2037628046742,24.1747703743085,24.1299038526822
"5",5,24.2971961973619,24.1591402326301,24.2606163096857,24.1398356617995,24.1245375635851
"6",6,24.2307638321603,24.0796148524087,24.216188459071,24.2342468576773,24.2053473095466
"7",7,24.1998998924526,24.0393576082844,24.1658061898734,24.2093901562034,24.2491564004416
"8",8,24.1925246075079,24.0960912901525,24.1745631013464,24.1938394051634,24.2197661532281
"9",9,24.2312497833786,24.1488614995253,24.1511391501445,24.1017012309348,24.2324344729385
"10",10,24.2718145411119,24.0807371338982,24.1304944995754,24.1325221686412,24.2104220120529
"11",11,24.3056051830589,24.1126147627543,24.093328926413,24.0822118636901,24.2043493119406
"12",12,24.3207878145672,24.1134807473255,24.0797822986637,24.0074542623269,24.1727373560764
"13",13,24.3023009104289,24.1206470258512,24.0614227412528,23.9810576675701,24.1429766639717
"14",14,24.2737772315128,24.1060714319656,24.0279734280734,23.9735716358617,24.1113716080912
"15",15,24.3042018480289,24.1067533473782,24.0188942960749,23.9030268056598,24.1184271890681
"16",16,24.2411006907457,24.0780227738635,23.9858096446726,23.8973536129799,24.0927859718018
"17",17,24.2378455527098,24.08382015363,23.9615824158425,23.9014661756917,24.0080007293414
"18",18,24.2506713654167,24.0435523984376,23.9433925224991,23.9003110114827,24.0019018151003
"19",19,24.198066554302,24.0435961456093,23.9359349833924,23.8660300789681,23.9665622873488
"20",20,24.2000270157833,24.0291069507276,23.888843115801,23.8477986724102,23.9591906579419
"21",21,24.1881431595504,24.0427949027731,23.8435819886453,23.8020873734129,23.9375702388257
"22",22,24.1968207113195,24.0143443370278,23.7493200416229,23.7906570732041,23.9452570189669
"23",23,24.1575921238018,23.9723796932693,23.7351032278638,23.748298591958,23.8641451192018
"24",24,24.1106468057637,23.9672097669349,23.7173175636347,23.7005209297169,23.7993300485291
"25",25,24.0642327563917,23.920470661819,23.6789941703244,23.6682436653041,23.7794500541379
"26",26,24.078996579714,23.9045435140681,23.62180868457,23.6158211683565,23.7340516393297
"27",27,24.0646882566939,23.8825173568138,23.6128962496244,23.5895528545839,23.674385682738
"28",28,24.0607763233255,23.8268844948594,23.5421983227228,23.535891035907,23.6303273394103
"29",29,24.040917229433,23.7643847268876,23.5254297820843,23.5092983677435,23.5779689941006
"30",30,24.0071708979315,23.7501886128324,23.4948256827484,23.4736963096788,23.5601347177933
"31",31,23.9343057297259,23.6906702908203,23.4434685323695,23.4729042039326,23.5207903140204
"32",32,23.879937800481,23.6600138789304,23.4153180984494,23.4747921596798,23.4485821481211
"33",33,23.8496899410984,23.5995990682201,23.3623088353524,23.439257498578,23.3915451980029
"34",34,23.8193689245804,23.5572881509291,23.3362720497395,23.3834429226928,23.3834177919972
"35",35,23.7568570752516,23.4792611865757,23.3018497240211,23.378956123497,23.3044077042061
"36",36,23.7553974408172,23.4631617761471,23.3045618590332,23.3241197420025,23.2929238037827
"37",37,23.7225288558163,23.398724589711,23.2984473123463,23.278546254916,23.2978912104176
"38",38,23.6511882136167,23.4022215498728,23.2974315363164,23.20135795362,23.2114363376533
"39",39,23.6731625628267,23.34439033028,23.2413433157447,23.1633954037491,23.211006188453
"40",40,23.6551308232071,23.3218057123955,23.2512900865158,23.1634528971162,23.1488897742429
"41",41,23.6261609347751,23.2881777541927,23.2177666143938,23.1371371663229,23.1065132507226
"42",42,23.5261177045234,23.2253177978786,23.2505797983284,23.1030008572334,23.0554641865026
"43",43,23.4832239727219,23.1629417545495,23.228080991145,23.0294843065401,23.0209262184002
"44",44,23.445435668436,23.1270481841534,23.1763909984103,22.9888999544586,22.9854484429225
"45",45,23.4027345671674,23.1210270536934,23.1298288844867,22.9760843601222,22.9458833458485
"46",46,23.3156960710946,23.1165585453695,23.1476256994689,22.9449701435243,22.907897329298
"47",47,23.3035729636303,23.1254941726858,23.1085353746545,22.8833298692037,22.879937787031
"48",48,23.2134861224014,23.0599285656709,23.0880420854048,22.8955509490313,22.8882985188271
"49",49,23.1270007412746,23.0218066398263,23.0638542432352,22.8751710374914,22.8366181404159
"50",50,23.0714530551065,22.9989445317812,23.0240708632873,22.8125425797173,22.8107249328809
"51",51,23.0381236948962,22.9684331052195,23.0185335640363,22.7560334894135,22.7833066408701
"52",52,22.9852017955662,22.9127271482701,23.0158630412607,22.7204744328251,22.7780090114319
"53",53,22.9519128402317,22.8883298244187,22.9867646388952,22.7096293262455,22.7881947333951
"54",54,22.9390022847181,22.8895214638918,22.9366209022037,22.736894215927,22.7280500446325
"55",55,22.9176490153272,22.876319292558,22.9023984208141,22.7046168604723,22.7199248721759
"56",56,22.874187973795,22.8499301573096,22.8453656153392,22.6774685804128,22.678355401101
"57",57,22.8057156592354,22.8495738761853,22.7853257163584,22.6395854187694,22.6509494698749
"58",58,22.8192059740102,22.8313181632982,22.7423742847932,22.6667280505724,22.6696854070697
"59",59,22.749377830864,22.8274669480062,22.7388178507075,22.680900297601,22.6458723830226
"60",60,22.6760711125058,22.801524130696,22.6953702489125,22.6309010265023,22.6156037366572
"61",61,22.6515077678318,22.799261767053,22.6908330689744,22.6278953805804,22.6414616348836
"62",62,22.6765628664751,22.82742112757,22.6748081633742,22.6056200120416,22.6312410344893
"63",63,22.6956280112629,22.8150128700228,22.6549167864997,22.6097247273358,22.6473273240306
"64",64,22.6763325819809,22.7974095168959,22.6408186238871,22.5921724232614,22.650703379293
"65",65,22.7160360366743,22.8043181047828,22.5989553296642,22.5642030946262,22.6387451253481
"66",66,22.7205022300611,22.7615674328136,22.58817059431,22.5348221062092,22.5939122242557
"67",67,22.6477665735269,22.7120481547722,22.5642334796809,22.5248274536048,22.5725938448611
"68",68,22.6803231875558,22.7342699216529,22.5450027997924,22.4779950193231,22.5308603787804
"69",69,22.6694588182031,22.735450226617,22.4925961150456,22.4711872702061,22.5468377551381
"70",70,22.6299904579532,22.7177751976082,22.4890922059766,22.4621249194757,22.5083305774282
"71",71,22.607709748849,22.7028364745529,22.4603599386211,22.4667143289613,22.499543388219
"72",72,22.6049033052762,22.7244768602173,22.4401842018372,22.4390235617601,22.5095809359448
"73",73,22.5850256429847,22.7276549901062,22.4385163297688,22.4068483431821,22.4800572140108
"74",74,22.5322016682283,22.6704992805246,22.4407840496825,22.3394685660318,22.5088083494209
"75",75,22.5111919916912,22.6486538982366,22.4081528655306,22.3552102067529,22.5004042424887
"76",76,22.5173750390587,22.6063572309688,22.3964768520385,22.3598912655303,22.4733008855199
"77",77,22.5209835551774,22.5823410390332,22.3828669253088,22.3713063107779,22.4764198463651
"78",78,22.4589824934455,22.5515815149093,22.3585997277002,22.3213495328878,22.4599545698598
"79",79,22.4474779215883,22.5448944279882,22.3567856674728,22.2866580186643,22.4221534420657
"80",80,22.463486293073,22.5049537924276,22.342920219505,22.2792209213648,22.4260403025335
"81",81,22.457862562757,22.4486777713911,22.3287846075727,22.2431822093897,22.3591737338165
"82",82,22.43056313347,22.407263587027,22.3129625179006,22.2499131198914,22.3412072405872
"83",83,22.3843175287775,22.3902353779335,22.2758208415418,22.2387230039936,22.3438902407809
"84",84,22.4138822315833,22.3509960037251,22.2599068183346,22.2109471563926,22.3475123523458
"85",85,22.3493483730532,22.3174480593419,22.2603318177934,22.1822748894593,22.3213044932122
"86",86,22.3411999894146,22.3113891044974,22.2426706535356,22.1642048210607,22.3276240503969
"87",87,22.3513064047711,22.2814453044199,22.2324610453597,22.1535299156957,22.3353169069832
"88",88,22.301242237576,22.2715560473003,22.2409949685311,22.1345730544268,22.3459662195547
"89",89,22.3041331920363,22.2696616472527,22.2698897630184,22.1132885569071,22.3105271815475
"90",90,22.3376235248069,22.2708447419852,22.2587331535751,22.1323162427173,22.3101902144732
"91",91,22.3545868675588,22.2806733002148,22.2782688381689,22.1057751481459,22.2771658636935
"92",92,22.3575366749767,22.2674281101763,22.2369086551911,22.1168369743173,22.2557937480553
"93",93,22.3677100043048,22.2730205510607,22.2264150422652,22.1148567272784,22.2356568866662
"94",94,22.3848661870638,22.2765187176485,22.2629643506861,22.1297050891321,22.1873107250559
"95",95,22.3532580841227,22.3019329903833,22.2752300234192,22.1505944905857,22.1756161131108
"96",96,22.3458913755694,22.301339128227,22.2780808394773,22.1764007234268,22.183846338161
"97",97,22.3271691112459,22.2915849069471,22.2924233706086,22.1819549285109,22.1638369993945
"98",98,22.3523909149767,22.2960085851458,22.3043227735822,22.1811309101425,22.1845743145852
"99",99,22.3928006145117,22.3016878766794,22.2841555459492,22.1776736104914,22.1733539719134
"100",100,22.3540847001237,22.3129251806204,22.288921705181,22.157845007374,22.1768392756972
"101",101,22.336275547893,22.3088158551677,22.312622185909,22.1627703691288,22.1742889870551
"102",102,22.3459318713122,22.2955379427337,22.2580830966719,22.1406853954316,22.1968405358112
"103",103,22.3446033854831,22.2998813400646,22.2551704743709,22.144941723616,22.1686586391739
"104",104,22.3077191498747,22.2831880342875,22.3038494949239,22.1446059589775,22.1510427788293
"105",105,22.2840797887147,22.2956095784728,22.3259906421215,22.1715660200598,22.1865363895209
"106",106,22.2583453206591,22.2769439444101,22.3048591568774,22.1740468838398,22.1822130056919
"107",107,22.2720921851142,22.300550003948,22.2887074340217,22.1866236867282,22.215852984509
"108",108,22.2944457623885,22.3013995270796,22.3191207770712,22.2101650343067,22.2393815198053
"109",109,22.3468149147671,22.2989263382856,22.2881421017066,22.2240474889329,22.3113005787276
"110",110,22.3358422269401,22.3003521049699,22.2825296395424,22.2084191863184,22.3442065095832
"111",111,22.3357650079298,22.2856057135979,22.2649977218208,22.2064545348873,22.4059784955
"112",112,22.3394051433164,22.2691543074941,22.2583856865001,22.2074260895251,22.4542211381659
"113",113,22.3017826114589,22.266430861259,22.2587837050762,22.2007073597685,22.515327793738
"114",114,22.3109775454127,22.2621262458735,22.2094545034181,22.1823071484107,22.5607965571718
"115",115,22.3410310384737,22.2417674227956,22.2064106954627,22.1353837560427,22.6180878033233
"116",116,22.3433431868836,22.2571685457463,22.1880511095172,22.0986832219141,22.6760348655703
"117",117,22.3538827509998,22.2586090497776,22.1747390632521,22.0708240082893,22.7470296378641
"118",118,22.3587112394241,22.2543074638233,22.2122437653021,22.0792682258555,22.7763594310494
"119",119,22.3161314349859,22.269202581053,22.2005401527881,22.0822583460635,22.8446532679228
"120",120,22.3142288329953,22.2980052669186,22.2004336969128,22.0868689908819,22.9195218665134
"121",121,22.352228923525,22.3257244421555,22.2118090372204,22.0831344453085,22.9923615759527
"122",122,22.3760827463124,22.343586990524,22.2329733233644,22.0893715412329,23.0440804797312
"123",123,22.3625385827625,22.3440833596499,22.237589457303,22.0878250119519,23.1561683955353
"124",124,22.3611264712557,22.3614192048738,22.1922233596858,22.0884010826951,23.2281922559654
"125",125,22.3931239176178,22.3129961771258,22.1892019782685,22.0840315143191,23.3211749916558
"126",126,22.3930972842658,22.3444332935443,22.1945487087691,22.0886837600925,23.4026055788641
"127",127,22.3882886460318,22.3441061785468,22.2113855316262,22.0851968520608,23.4235309351773
"128",128,22.3682116184901,22.3302524650707,22.173203994196,22.0578384933398,23.454617992713
"129",129,22.3143585613177,22.3046161571043,22.2120801365088,22.0439590976969,23.5507708996489
"130",130,22.2818811723631,22.2761402610914,22.2170161671112,22.0208821144637,23.5944702960199
"131",131,22.2545193390289,22.2758583049751,22.2439561547432,22.0219702399374,23.6160365600578
"132",132,22.2563668379959,22.2769549063199,22.2630769932657,22.0050488467431,23.6522151614848
"133",133,22.2653603336165,22.2841700389563,22.2718106265863,22.0020007646662,23.7604631813455
"134",134,22.2328059689349,22.2989506121274,22.3139678906374,22.0009014852802,23.8124665355474
"135",135,22.1959944604191,22.3313143920966,22.3184058681703,21.9951835302612,23.866691598298
"136",136,22.1958308468,22.3579406652193,22.3370202300165,21.9955133833936,23.8821511654999
"137",137,22.1856807707747,22.3530060772508,22.3932068834289,22.016505451833,23.9047442315065
"138",138,22.1685907375735,22.3498496106205,22.3506814411634,22.0078244058133,23.9386973496018
"139",139,22.1796037449768,22.29757125176,22.3608539103238,22.0111291716107,23.955907662883
"140",140,22.1952204516971,22.2780003541057,22.3699465185195,22.0387465796802,24.0235789653497
"141",141,22.1471116164332,22.2509156895979,22.3422091375315,22.0375491967782,24.0451112212423
"142",142,22.1244252115242,22.2462307827876,22.3400849554817,22.0546945851617,24.0606362062264
"143",143,22.128813777353,22.2515242076576,22.3827768566965,22.0547849393684,24.096219854546
"144",144,22.1239948263615,22.2773115211132,22.3688077651299,22.0562530667574,24.1073616370706
"145",145,22.1010154004867,22.3000183791412,22.3510504788036,22.0413953598038,24.0580185755935
"146",146,22.1009290593578,22.2975988446315,22.3466410445373,22.0321151883696,24.0590662172062
"147",147,22.0874596558129,22.3300389331809,22.3414786533911,22.0217632053777,24.0748040149321
"148",148,22.1201231324858,22.3481482534549,22.3414036974973,22.0494546420265,24.0576357837735
"149",149,22.1289551336246,22.3650834471688,22.3068952548203,22.0538211259484,24.044975980432
"150",150,22.1656182084924,22.3945473991538,22.3158947785395,22.053462211038,24.0293352327911
"151",151,22.2013972462367,22.4118626736674,22.2936026619444,22.0480165193515,24.0538132515232
"152",152,22.1945092921043,22.4365866460552,22.2933080789599,22.0478374422718,24.0300087317015
"153",153,22.1856694516949,22.4138026102666,22.3174079703664,22.0528217738668,23.9468853613299
"154",154,22.2049148937462,22.4048152591321,22.2936556719029,22.0711768570534,23.9151984995904
"155",155,22.2329280363892,22.3877509653198,22.3021888272372,22.0711759294573,23.8711537104546
"156",156,22.2097847768304,22.3572201163491,22.3115892329586,22.070782761086,23.8472368735548
"157",157,22.2097286104289,22.3559619855426,22.278039283311,22.0670881413622,23.8173640608591
"158",158,22.1956816745654,22.3497623757898,22.2802835839767,22.0954239666479,23.8636630443351
"159",159,22.1763871772464,22.3649701287849,22.2955596307088,22.099992888189,23.8385978421361
"160",160,22.1581549348627,22.3627683355486,22.3001184753276,22.0725865569484,23.7532074085475
"161",161,22.1538509260641,22.3822573487325,22.3091884832016,22.086384088275,23.7249492045266
"162",162,22.1587187953362,22.3975767173071,22.3301090992699,22.0853498749186,23.7864505730296
"163",163,22.1754264201807,22.4025001777971,22.3058017473477,22.1036880115963,23.6901598485285
"164",164,22.1894292268447,22.3878908238115,22.3418457826588,22.1297950991411,23.6805092150057
"165",165,22.1849722823626,22.4098852886657,22.3763100207989,22.1463754997569,23.6568307012784
"166",166,22.1986577715297,22.4216198462927,22.3812620513923,22.1471227261264,23.6329370570092
"167",167,22.203242491745,22.4405289642143,22.3961688048509,22.1755216652242,23.6008902568585
"168",168,22.1805072961595,22.455694680122,22.4221365608702,22.1573215305304,23.6085065114848
"169",169,22.1760531193717,22.4658840708283,22.4511871115319,22.1796588159088,23.5314032089102
"170",170,22.1487929576577,22.5093172847132,22.4545571910113,22.1977717887142,23.5237979360214
"171",171,22.1584912298849,22.607851527633,22.4828631749786,22.2164799458082,23.4803521726247
"172",172,22.1587537664439,22.6488967461569,22.5009802598106,22.2438439780832,23.4803645911352
"173",173,22.1723069933749,22.6361278018178,22.5063789516505,22.2853950982341,23.4801757243551
"174",174,22.1672271413933,22.7053261512392,22.522034763887,22.317048361256,23.4830085909202
"175",175,22.1660095986634,22.7475212025144,22.5327436205061,22.365881091381,23.4836622893746
"176",176,22.1976768611131,22.882892989082,22.5535938115322,22.411636865386,23.5018080299668
"177",177,22.2301321147241,22.9921476042365,22.5752001215268,22.4298423037558,23.52381177841
"178",178,22.2528226855835,23.1260815966325,22.5737200343097,22.4717837505162,23.4633886314976
"179",179,22.3029407538823,23.1877245728261,22.5841626760568,22.4989544510511,23.5679411051811
"180",180,22.3257981323492,23.2492502419985,22.6342105433512,22.5440659279906,23.5763455751783
"181",181,22.343953925892,23.3032712559558,22.6765932513271,22.5906576634281,23.5764722067526
"182",182,22.3299274205913,23.3604549173454,22.6809314659192,22.6237911917823,23.4918085171857
"183",183,22.3163430036329,23.4265868436378,22.7472603779039,22.6500369168856,23.5095948528449
"184",184,22.3210338241313,23.4835478425732,22.782829451704,22.6796705934684,23.5005001629163
"185",185,22.3392890025077,23.5320638480146,22.9049742219342,22.6887281778309,23.5088447117815
"186",186,22.3534301598648,23.5819662993481,22.974656133026,22.7290095061677,23.5173125769102
"187",187,22.3757277960466,23.5968154540549,23.0397299637233,22.7550160322715,23.5260893156344
"188",188,22.4056870844556,23.6474249149855,23.1040552725761,22.802961953087,23.52617612119
"189",189,22.406386237885,23.7079155302055,23.1707512228168,22.8356091304039,23.5337055702608
"190",190,22.4062698048872,23.7382016530435,23.2972109731712,22.8718287423378,23.5336902970946
"191",191,22.3742227544341,23.763608551182,23.4068990638424,22.8981688896952,23.541753123097
"192",192,22.3779924322651,23.8405000113666,23.5326907089011,22.9257586567206,23.5685894049823
"193",193,22.3827449478318,23.9898323282733,23.6191609908281,22.9499512296319,23.5609829544114
"194",194,22.3689426366772,24.0740721172745,23.7600617129789,22.9607776884396,23.5664204810085
"195",195,22.3724910306163,24.1713940771322,23.904252097673,22.9795539635818,23.56819751391
"196",196,22.3363139072524,24.1847960109032,24.0269645453619,22.9796079551014,23.5583988206799
"197",197,22.3036597466726,24.227028314388,24.1591883754767,22.9929972607147,23.5511894781549
"198",198,22.2944973007974,24.2365295701568,24.3095889394918,22.9776025357699,23.531493286733
"199",199,22.2768783438941,24.3204842790891,24.3838689228973,22.9922534545597,23.4522073622412
"200",200,22.3135603301207,24.4046659670013,24.4658251019761,22.9893522568241,23.4808656069918
"201",201,22.3397017808791,24.4993938629845,24.5492743768328,22.9748162756015,23.4891770408564
"202",202,22.3514776363789,24.5963474268926,24.667356513636,22.9717629090438,23.4892740293839
"203",203,22.4237753141433,24.6836696879163,24.7247917325698,22.9594258552836,23.4967595272987
"204",204,22.454926528782,24.7705593797743,24.8127781561853,22.9483281796888,23.5590933215569
"205",205,22.4429050096079,24.8499474383414,24.8023830676111,22.9476331108765,23.5591670392179
"206",206,22.4150349603059,24.9411687477104,24.8686875077336,22.9319498901146,23.5668696018936
"207",207,22.3742332731982,25.0204027666682,24.8842172676698,22.9151237658052,23.5666992343555
"208",208,22.3297517330047,25.0997869532919,24.9613591465468,22.9097206151106,23.5579619926042
"209",209,22.3113499772583,25.1818277689036,24.9602154545778,22.8967741196509,23.5593086835717
"210",210,22.3206960075667,25.2402812760671,24.9122859390052,22.8978307866468,23.5668146587848
"211",211,22.3438141827035,25.258412217072,24.8968034107365,22.9473646417205,23.5671054521042
"212",212,22.3333510076748,25.2665122732293,24.8836961395127,22.9490758541503,23.556328815683
"213",213,22.3239667228093,25.2820525890505,24.8613649415199,22.9247182416602,23.5640772629008
"214",214,22.3327206282075,25.2889069150096,24.7778939685907,22.9054338439127,23.5751178994613
"215",215,22.3300889929248,25.2921026358086,24.6942945217104,22.8869101625454,23.6615559184695
"216",216,22.3573474279697,25.2896455183178,24.6166319665084,22.874510178181,23.6691410116931
"217",217,22.410973276338,25.2867030585672,24.5347865687055,22.8675812253233,23.6765024209129
"218",218,22.4567467176295,25.2864861717993,24.444951360477,22.8646196388175,23.6947329312313
"219",219,22.4945547118945,25.2850491477357,24.4306642950438,22.8613417531187,23.6947743843567
"220",220,22.4991678041478,25.2839232565803,24.3539638400145,22.8658745113194,23.6735738637943
"221",221,22.4595374779666,25.2803568861363,24.2865788666702,22.8713718668454,23.6734667565007
"222",222,22.4819119014038,25.2772502751695,24.2048281350237,22.8604415770652,23.6810198875842
"223",223,22.4097522012154,25.2675302235643,24.128047002499,22.8642278314468,23.74678072003
"224",224,22.3909566436411,25.2676627085357,24.0384704153976,22.8497378412705,23.6919857903663
"225",225,22.4311144125517,25.2711070799347,23.9557891967746,22.8523663063231,23.69948598478
"226",226,22.5256840076215,25.2445971341503,23.8746570105818,22.8497648061761,23.6997079931802
"227",227,22.6719652159796,25.2345209426928,23.8355979702402,22.8623095670336,23.707365474228
"228",228,22.6934734484063,25.2299055174456,23.7452148562801,22.8409079211747,23.7160246337507
"229",229,22.7586749037457,25.2208988917055,23.701600174701,22.8293942136022,23.7145362690084
"230",230,22.8194731670245,25.2223546122834,23.6706743602938,22.8559472562778,23.7146751116949
"231",231,22.8462891868108,25.205009068668,23.6171069040629,22.8221129426743,23.7223710824881
"232",232,22.90630695537,25.2057740380276,23.517896671559,22.8067915491072,23.7223427433649
"233",233,22.9716391296157,25.1916816079036,23.4923749404465,22.8169600556981,23.7222339042863
"234",234,23.0272978782502,25.193946695917,23.4379278950201,22.8385899490659,23.7189842915042
"235",235,23.0599365271714,25.129279849521,23.3956357562959,22.844409263672,23.6378649053447
"236",236,23.1413922087832,25.1187819142673,23.3715177963792,22.8570561153337,23.6377770691565
"237",237,23.1666540775053,25.0436424877836,23.3533075613031,22.8613591974016,23.6375790112046
"238",238,23.1930649012763,25.0401540770318,23.4070062977865,22.8689287372172,23.6373787567793
"239",239,23.2538496635815,25.0078095505494,23.3585289777764,22.893617077851,23.6376708193837
"240",240,23.2728246268069,25.0040946269648,23.3473620063856,22.9178014450339,23.6377708833895
"241",241,23.4210134246966,25.0021619112499,23.3793512166244,22.9421172355313,23.6565118991442
"242",242,23.4475664833269,24.9852234189916,23.3727429018559,22.9560063861995,23.6564919708312
"243",243,23.5777258062865,24.9566406663428,23.3770901324985,22.9838432392336,23.5907126073754
"244",244,23.6608261874116,24.9559675204476,23.3735144676129,23.0376184190223,23.5906131601455
"245",245,23.6558777204097,24.9200821047855,23.4383249397541,23.0728382701705,23.5984600184885
"246",246,23.676670975246,24.8716625352708,23.4473309996005,23.1917069162164,23.5982646083605
"247",247,23.6397550443268,24.8707799248929,23.4553049175051,23.2965787774959,23.5982638944275
"248",248,23.7574926742715,24.8398276999865,23.4439254528542,23.3516728936037,23.5983703157792
"249",249,23.7161665849396,24.8197076109725,23.4266792580738,23.4028632636137,23.5984251839985
"250",250,23.7226462975668,24.7702114550478,23.4203705135384,23.4067508252141,23.5984443149316
"251",251,23.7544522483369,24.6681258049273,23.3795015077574,23.4394034269071,23.5983858484993
"252",252,23.7009306557548,24.5016097753286,23.4926582802893,23.4844818719784,23.5983203164985
"253",253,23.7114503833296,24.4275961871867,23.5047820602384,23.5140853861243,23.581693400211
"254",254,23.8147297404117,24.3667720761095,23.5517608019452,23.5367433945007,23.5820878290006
"255",255,23.8309517469099,24.4180291393804,23.5832871676234,23.5679061850377,23.5747062148106
"256",256,23.8362216946259,24.3179699037052,23.5908801825117,23.6647095945047,23.5673557924336
"257",257,23.8512408991071,24.3640245579793,23.5933685014805,23.6934443096664,23.5574815450506
"258",258,23.8858950733286,24.3250396204485,23.5258242190719,23.7199315330806,23.5496516325856
"259",259,23.8413021836381,24.3460979661198,23.5568394096626,23.7151572865495,23.5420396864666
"260",260,23.8730785897256,24.1898419248393,23.5544263814424,23.7204857106904,23.5418877554021
"261",261,23.8739707020754,24.0224604369335,23.582905843449,23.7071841499254,23.5231070122826
"262",262,23.9073290485966,23.9150863129958,23.5943005479522,23.7376634245947,23.5155438950667
"263",263,23.9318057486379,23.8806457118295,23.5963569878733,23.7456438428654,23.5156834432383
"264",264,23.9880098121671,23.8142254400558,23.6230701344433,23.7410080569891,23.5158112295914
"265",265,24.1185912976077,23.7885103135115,23.5743126785737,23.7307591416601,23.507973829278
"266",266,24.1702808300896,23.8031631395368,23.5728386337254,23.6525933281934,23.5065356429238
"267",267,24.2230850410408,23.7016514786072,23.5647389593822,23.5662925042859,23.5065634131339
"268",268,24.2476144275444,23.6250708271199,23.6585925515406,23.5663757116284,23.5064731402229
"269",269,24.3754151396708,23.5716826215457,23.6622553552442,23.5461613400164,23.50655705226
"270",270,24.4535633034019,23.5492806914968,23.7405425736391,23.5462135838503,23.5064737140598
"271",271,24.5269224589963,23.6361276381753,23.7826151769323,23.5221658011197,23.4965247385706
"272",272,24.6841180546518,23.7169534729481,23.7004549372022,23.5019514295076,23.4964297097523
"273",273,24.7654607782581,23.7650664393445,23.763176314709,23.5061221829722,23.5131719137135
"274",274,24.7704000492261,23.6927741582678,23.7652384179017,23.4904493983208,23.5127845504924
"275",275,24.8638086665159,23.5436837209368,23.7618093242226,23.4827176999856,23.5203893716504
"276",276,24.9284142269918,23.4926258716297,23.770247447473,23.4057213924936,23.5280154663632
"277",277,25.0053292755252,23.4495324321058,23.7627499394579,23.4056796685065,23.5380222396972
"278",278,25.0535536722527,23.3799995822718,23.8396969524916,23.3984165403256,23.5458637318218
"279",279,25.1312301053561,23.2816146418143,23.9143043246628,23.4067958043976,23.5532057445595
"280",280,25.1759713691872,23.3876619308094,23.9355559203437,23.3906683815802,23.550332620648
"281",281,25.1701622973255,23.4291466401862,23.8796764957696,23.4140164229335,23.558148952797
"282",282,25.2270121323255,23.448362708544,23.9533157478747,23.4143362906901,23.5657333435676
"283",283,25.2193197214223,23.4173446013279,24.0301810261953,23.4142798376202,23.5656920663931
"284",284,25.1381476668147,23.3393889036713,24.0967844797885,23.4057294765495,23.5656370839557
"285",285,25.1180387541892,23.2877994383438,24.1704956537284,23.4207703959936,23.5657389531658
"286",286,25.1125956983662,23.2233464353426,24.2538328875908,23.4190537535634,23.5618241536859
"287",287,25.1168481561606,23.2635381663261,24.3470033346671,23.4321171368564,23.5542027062028
"288",288,25.1067480631506,23.2531721514083,24.3366576136636,23.4320310744904,23.5542461089806
"289",289,25.1140580670158,23.2217661674581,24.4541862605631,23.4410537838106,23.5530480449827
"290",290,25.1202971552463,23.1905550103771,24.4549722560681,23.440976592937,23.5519548291592
"291",291,25.0988478493638,23.1152411145223,24.5307541985544,23.4571439469974,23.5619472074262
"292",292,25.0875021238141,23.0944625735133,24.6027069152975,23.5080577606388,23.5620856390222
"293",293,25.0750728695074,23.0243852266684,24.5939355935494,23.4960682086466,23.5621260605602
"294",294,25.0604507212501,23.0530818819538,24.6674429885914,23.5562463404039,23.5619097299287
"295",295,25.0596212083722,23.1088031327811,24.7475307731729,23.5573954894058,23.5618007951501
"296",296,25.0291832458995,23.1601909351387,24.8212945467915,23.5573104355838,23.5617592187228
"297",297,24.9747719917485,23.1411943114012,24.9057542493269,23.5467506537012,23.5620006173475
"298",298,24.9612616188807,23.2140868247364,24.9168831422724,23.5462618838555,23.5699496924488
"299",299,24.8801210465098,23.2291519099889,24.9234726883836,23.5471430880459,23.5699382270073
"300",300,24.8388135059009,23.245862535681,24.9960218659958,23.5557558856215,23.5729996191925
"301",301,24.8196776147893,23.2640673557236,25.075650810449,23.5480487169467,23.5718405953205
"302",302,24.7507107744677,23.2497210154751,25.0624611982621,23.5477288491901,23.5718323720578
"303",303,24.7071163202144,23.2331010037876,25.0733009812539,23.542371489864,23.5718677767495
"304",304,24.6963832796713,23.2752867483796,25.0700799898292,23.5555869108157,23.5720931085191
"305",305,24.6858735964252,23.2720273043322,25.0721484632693,23.5600652624122,23.572680348674
"306",306,24.6672735874226,23.2644675744027,25.0624853994531,23.5751356077315,23.5782817159201
"307",307,24.6051034254369,23.2290666831249,25.0558145322324,23.5668199624347,23.5859749053042
"308",308,24.5898022418132,23.2987498100089,25.0574799141811,23.5668989592322,23.6127471301955
"309",309,24.5803216256556,23.2902202747998,24.9744937170707,23.5779495403431,23.6142136534099
"310",310,24.5609607427453,23.281656606485,24.892910048487,23.5783144261377,23.6153902074336
"311",311,24.5656914473581,23.2810255867323,24.8655918671423,23.5785491195476,23.6154160140828
"312",312,24.5536163844421,23.2719696052923,24.7586194866629,23.5476921909306,23.6153186779672
"313",313,24.4822675376231,23.3178655538097,24.7674481474076,23.5554849099185,23.6153245504501
"314",314,24.4073454544218,23.3235090391351,24.7774021141788,23.5026407986045,23.6154505084463
"315",315,24.3236455714726,23.3326015659864,24.7786464528724,23.5091069167872,23.615516992347
"316",316,24.3380820482663,23.332031178528,24.6840656761753,23.5145237381206,23.6155103770617
"317",317,24.3047732802027,23.3231407336049,24.5899033942429,23.5150637038847,23.6151060311075
"318",318,24.2044909897743,23.2684998064898,24.5866522787502,23.5130263163936,23.6072517596478
"319",319,24.173110283001,23.2461299376689,24.4888413070501,23.5022693157385,23.6073349669903
"320",320,24.1463377394981,23.1853563187997,24.4836489538327,23.5097747981978,23.6074226828169
"321",321,24.0845915495928,23.1856063302086,24.3740064502063,23.5173474199776,23.6085107640482
"322",322,24.1001542081829,23.1854119020047,24.2885434283074,23.512325878515,23.6084357799684
"323",323,24.0817178142134,23.1999933467804,24.1903669302859,23.5178347197291,23.608432312613
"324",324,24.0728685450142,23.207297481527,24.1840738810905,23.5178957020688,23.6081831558113
"325",325,23.9267522121094,23.2029598307024,24.1859197311834,23.5188345971962,23.6153913777671
"326",326,23.8254739425833,23.2191423279579,24.1122132393245,23.5118321915692,23.6348851107843
"327",327,23.8523891806763,23.2228049545568,24.1156493383154,23.5242449783541,23.7106320521184
"328",328,23.7648352460017,23.264853519272,24.0895127779048,23.5188558149132,23.7607833595847
"329",329,23.6641242279327,23.3270930759615,24.1460380733882,23.518846475075,23.7605895357878
"330",330,23.589979571143,23.3533996871008,24.1182608447528,23.513004709609,23.7607868269401
"331",331,23.5071456208632,23.3601336617781,24.1426642389976,23.5129400332765,23.7607973575001
"332",332,23.3953969349705,23.3789230814007,24.2481653621844,23.5127664221654,23.7607720695835
"333",333,23.3588047251485,23.3462760034026,24.2442855832608,23.5128509681374,23.7608530026562
"334",334,23.2942226530464,23.35581519775,24.2127288214147,23.515749165677,23.7611830818626
"335",335,23.320702226247,23.3699256369743,24.1845709833653,23.5158155076203,23.7611165979619
"336",336,23.2782862396005,23.396293860155,24.2062982019213,23.5212732844263,23.761100113342
"337",337,23.2681465446319,23.4101244266608,24.2237090456387,23.5906324537996,23.7612417871169
"338",338,23.2846299579354,23.4187912343647,24.2222602822423,23.6004386900863,23.7613135290178
"339",339,23.3074817454096,23.4549198351295,24.2646649662876,23.6154712148572,23.7690292167816
"340",340,23.3202782835457,23.4745234616734,24.2003199928781,23.6155086967629,23.8496785958668
"341",341,23.2587556313204,23.5050428567565,24.2572738389908,23.6104844317246,23.8491165502303
"342",342,23.2124855265481,23.5399440517108,24.2993805514137,23.6154796052039,23.8491200175857
"343",343,23.1690831731579,23.6371577454582,24.3033909781096,23.6152661895281,23.8490282685754
"344",344,23.2069315353278,23.6458250129491,24.2227398255905,23.6153694039799,23.8413390396109
"345",345,23.2678220510913,23.6776626329666,24.2155785272273,23.6153705947017,23.8335636603333
"346",346,23.3248922455278,23.7025090188555,24.2090285119827,23.6248509164763,23.8136940771289
"347",347,23.2447123683976,23.7241699374701,24.1099559722274,23.6400394946421,23.7380490050048
"348",348,23.2766764510362,23.6467734271242,24.0363789420756,23.7058376229213,23.6689478067706
"349",349,23.2718922431386,23.621893494001,24.0093372248981,23.6979831046717,23.6658347949125
"350",350,23.3227177061529,23.6304445200391,24.0376999068813,23.7034973706519,23.6655506982046
"351",351,23.331572562632,23.6404161011575,23.9636122750815,23.7034823069974,23.6648522335621
"352",352,23.3603870656704,23.7224872386048,23.8768593759693,23.7036403853884,23.6726798653706
"353",353,23.3918482953867,23.737990144482,23.7743462833353,23.7035314506098,23.6800019642516
"354",354,23.4362786370072,23.753525781597,23.6973410433985,23.7088630824998,23.6874696911343
"355",355,23.3690148082297,23.7695899530666,23.6390390115481,23.7089316495209,23.6875564966899
"356",356,23.3978897247704,23.7782803005446,23.6220909726497,23.7225268206144,23.6875385395168
"357",357,23.4623854065982,23.7923396627884,23.6138991792386,23.663501054698,23.7646703301554
"358",358,23.4787683077072,23.8001251192927,23.5257270366058,23.6636264740965,23.7722987484704
"359",359,23.5689855280348,23.8082363095163,23.4874991138998,23.659301354321,23.7723421512482
"360",360,23.5509846045769,23.803523229988,23.4693242421843,23.6671595196609,23.6992844068909
"361",361,23.5947402027321,23.8006144755347,23.4277801189398,23.6723382657608,23.7075448471612
"362",362,23.5483375464183,23.7913868885785,23.4148035764084,23.6724763110674,23.7153822474746
"363",363,23.6080527338075,23.7206317984698,23.4075578795784,23.6724948420773,23.7232019362037
"364",364,23.5451564673318,23.7362256759775,23.4599455457513,23.672386762967,23.7307090827262
"365",365,23.5478846317061,23.742404414445,23.3801957653506,23.6801878260712,23.7384619179149
"366",366,23.5645553550438,23.7423232930981,23.3660132383195,23.6777584658033,23.7385803845462
"367",367,23.5943326566494,23.7531198526682,23.3728957264526,23.670304466841,23.746367814211
"368",368,23.5523762169251,23.7541846702044,23.4496642035686,23.6096828722525,23.7461908510478
"369",369,23.5605245788554,23.8082864271878,23.4190379380193,23.617509051379,23.7492604601281
"370",370,23.4918423144354,23.8082370226363,23.4034645032834,23.6175275823889,23.7482113224361
"371",371,23.4556211065638,23.8376438777751,23.3904205994222,23.6253127236172,23.771892119834
"372",372,23.4279355394063,23.7670243884101,23.3642295103479,23.6329226037544,23.7718579668285
"373",373,23.4247944173547,23.7592880205934,23.3822377778802,23.7051415179453,23.7644056596142
"374",374,23.3704832581171,23.7549156558998,23.3691327378361,23.7052283235009,23.7529259967711
"375",375,23.3574335711889,23.7532950307762,23.3637139130669,23.7050219878825,23.7497192334065
"376",376,23.2645215162722,23.7531255917151,23.3799640788646,23.6992151267232,23.749631854014
"377",377,23.1273013392625,23.7578943615652,23.3926664026495,23.7067398842086,23.6724597341276
"378",378,23.059753699546,23.7501703056036,23.4087298421867,23.7065866995238,23.6645986527836
"379",379,22.96542427074,23.7481889568452,23.425038027859,23.7142544974041,23.6567186937469
"380",380,22.9925391133617,23.7559058465578,23.4256047774681,23.7141912959218,23.6480558545656
"381",381,23.0197427745447,23.7542422456898,23.4243842377956,23.7141220864948,23.6402618570299
"382",382,23.0793233959228,23.8292624444281,23.42022764532,23.714097214727,23.6325475994813
"383",383,23.0260874014527,23.8291153852749,23.4385835710691,23.7140538119492,23.6247363215623
"384",384,23.043241818619,23.8136899560312,23.4103416643579,23.7781060123868,23.6252154237603
"385",385,23.0448528252828,23.8135414644305,23.4195344383108,23.7703085474957,23.6173406365285
"386",386,22.9710691250635,23.8057623163812,23.4402090294882,23.8587927255856,23.6172410237793
"387",387,23.0256359651626,23.7826005694252,23.452156852786,23.8510080678882,23.6093397322819
"388",388,23.0666936152379,23.7663800280753,23.4011345666685,23.8511533422668,23.6015136219274
"389",389,23.095656084593,23.6913309116862,23.4099362104479,23.8511746158215,23.6014242214969
"390",390,23.0974661241879,23.6800278484157,23.4295384157181,23.8512180185993,23.6025352929766
"391",391,23.1385137388169,23.6161092849697,23.5246304827926,23.8437569095013,23.5795095574435
"392",392,23.162456713388,23.5908794885968,23.6439715516874,23.8360978857517,23.5794068821498
"393",393,23.1665073450923,23.5747848511652,23.6360626350821,23.7638355687829,23.5795300249147
"394",394,23.2267819485339,23.541437507879,23.6581851259721,23.7638648369342,23.5909660435063
"395",395,23.2464055613894,23.5177140732127,23.6499413292745,23.7664243210734,23.5941364696615
"396",396,23.2731805628228,23.4923469484995,23.5857102488518,23.7664669422035,23.602064142886
"397",397,23.3243762203336,23.4503068769392,23.495290238319,23.7587007860934,23.602046524434
"398",398,23.3884818747533,23.4334017783795,23.4091069361084,23.7587249531667,23.5976286087815
"399",399,23.3931616873995,23.3908192673065,23.3232682390409,23.758848296504,23.5976592043656
"400",400,23.357855976068,23.3390793441364,23.2474154005537,23.7511117990787,23.5985420295256
"401",401,23.3335460521602,23.3045049074424,23.173070326955,23.7511268627332,23.5986004959579
"402",402,23.3271649188786,23.1864845595316,23.0872939517299,23.7798151420187,23.5908945081262
"403",403,23.3510146954142,23.1548757249066,23.006919398107,23.7877024748552,23.5912185402565
"404",404,23.3831482220671,23.1201648268534,22.9242120121996,23.7236751461854,23.5832203330304
"405",405,23.4116265316598,23.0780924616719,22.8991754965007,23.7237185489631,23.5756344213427
"406",406,23.5357159832393,23.0436376261799,22.8551580661013,23.7142940377774,23.577713844632
"407",407,23.4940178709754,23.0262441397022,22.7755781820478,23.7221837842977,23.5776121064453
"408",408,23.4633986051464,23.0079075653678,22.7505459265114,23.7222640777205,23.5776225100695
"409",409,23.4711807862965,23.0199014749067,22.7279679916889,23.7221902102163,23.5778594380006
"410",410,23.480211678633,23.0058853200167,22.7233574705441,23.7299472584998,23.5778877771238
"411",411,23.4834159105409,23.0152378071075,22.6282452503336,23.8096190534593,23.5779382454701
"412",412,23.4993964606271,23.0242972517613,22.5350796438743,23.8094733082265,23.5703024961419
"413",413,23.4906820031446,23.039119146519,22.5441018824715,23.8018224803808,23.5702485628041
"414",414,23.510292516725,23.0393351094303,22.5520906756249,23.801800277798,23.5612500233323
"415",415,23.5603222427999,23.0479999529673,22.5696270141321,23.7994137087437,23.5612683653144
"416",416,23.5788155377026,23.0659863424943,22.6265599473151,23.7918080555343,23.5533840948678
"417",417,23.6211240420165,23.0843625527726,22.7048064115549,23.7917433792017,23.5656164940471
"418",418,23.5882097923648,23.1088903568164,22.7832971610488,23.7917867819795,23.5700401759168
"419",419,23.5911641594531,23.1360473721921,22.8610270782217,23.7840452364214,23.5700694499215
"420",420,23.5871824422966,23.172466948195,22.9393827550151,23.7840231071984,23.56658210904
"421",421,23.6015542764293,23.199483596695,23.0907255284271,23.7839646407661,23.5666689145956
"422",422,23.613634316515,23.2348169199183,23.1689105674351,23.7552763614806,23.5744003099778
"423",423,23.6214802310184,23.2508555485298,23.2416268062662,23.7475626397552,23.5739458774997
"424",424,23.6136195708941,23.2854786485771,23.3090206831802,23.743511637504,23.5816740588514
"425",425,23.6136629736718,23.3120671740723,23.3578084698036,23.7356950543754,23.5893383652845
"426",426,23.5340085998258,23.3464998803412,23.3943647723192,23.6485542425652,23.5872970017359
"427",427,23.5255835217738,23.3638761865741,23.4728649140931,23.6406342367088,23.5873655220722
"428",428,23.6222125880671,23.3907229964955,23.4980273779628,23.6406212986575,23.5874675832968
"429",429,23.6149647691308,23.3873325325313,23.5128916491429,23.6330614837964,23.5978715181627
"430",430,23.6358014425964,23.3966987235909,23.5216294376948,23.6251990989473,23.5980877502691
"431",431,23.642023052366,23.4071416513571,23.5299543814459,23.5452396090669,23.5980009447136
"432",432,23.6577143286324,23.4095197210806,23.5462663195142,23.5452958252978,23.5981119173424
"433",433,23.7309959922695,23.3845250778465,23.5554107109127,23.6217263400453,23.6059946528556
"434",434,23.7343485716787,23.3842772924134,23.5655063417169,23.6216829372675,23.607601109695
"435",435,23.7174308704309,23.3777868559498,23.5654207587476,23.6216043880022,23.6076261704907
"436",436,23.7148117832819,23.3600585785835,23.5650290638366,23.6214295784936,23.6079273019932
"437",437,23.707082714682,23.3316999991105,23.5725919565982,23.702389844088,23.5959859127146
"438",438,23.791789775857,23.3054054600009,23.5819931632078,23.6945148534923,23.595975804929
"439",439,23.8156584262811,23.2786295618918,23.5822474246475,23.6865936213806,23.595820533136
"440",440,23.8195424678311,23.2476706450966,23.5821313648108,23.6865936213806,23.5992182388297
"441",441,23.8217526175037,23.2094376197619,23.5241308816692,23.6867822961463,23.5990419486796
"442",442,23.8306044107839,23.177389087152,23.523880644456,23.6791093390775,23.5989860764026
"443",443,23.7882309297196,23.1550679194404,23.5239021893533,23.6711483481609,23.5994604371937
"444",444,23.7928409759735,23.1200568649097,23.5152795803536,23.6751875289364,23.6250922601469
"445",445,23.7689179616753,23.1027765895787,23.475151463871,23.6754063884486,23.6251157346116
"446",446,23.7433146468069,23.0682473600164,23.4668471124368,23.6834348014518,23.6251245450041
"447",447,23.7276028870218,23.0508415876774,23.4582562848788,23.683585929283,23.6251848191315
"448",448,23.6579382442058,23.0335977878345,23.4736671652253,23.6835554645566,23.620198316863
"449",449,23.6413385561464,23.0158483701811,23.4658193478475,23.6833551851911,23.6791867140599
"450",450,23.6144460063471,23.0067763470245,23.4573945615003,23.6753691548359,23.6712552490897
"451",451,23.661401930449,22.9963661971264,23.448767928037,23.6668370789887,23.6636579039337
"452",452,23.6380401691785,22.984971590241,23.4328868792008,23.6591552651101,23.6559458908227
"453",453,23.581004521309,22.9859247014433,23.4240731020918,23.5827814528051,23.6404475911567
"454",454,23.561764870266,23.0039631763912,23.4060797015931,23.5750850839825,23.7042137557934
"455",455,23.5554862651857,23.0100487327783,23.4065161601043,23.5675907491487,23.6965121564346
"456",456,23.526577466944,23.0322388676842,23.4141191966994,23.5597887107294,23.6886000016511
"457",457,23.5345399439576,23.0766286004447,23.406556852316,23.4712185779078,23.6721664922223
"458",458,23.5110476011951,23.0952958479397,23.3971990484842,23.4628992410987,23.743972794313
"459",459,23.5464685930245,23.1296407520817,23.4049888906066,23.4545554544425,23.7281111357741
"460",460,23.5382355198618,23.1650135233056,23.4125933466914,23.446890689925,23.7121754807575
"461",461,23.5341748600863,23.2210420629325,23.4047813918049,23.4303946255708,23.6960831312214
"462",462,23.4975897484382,23.2443833742364,23.4124967842822,23.4218090384696,23.7466602490027
"463",463,23.5397845715567,23.2667765398875,23.4202921016333,23.4138257315265,23.7212317641744
"464",464,23.5235104351528,23.2939980481445,23.4442716224042,23.3975541370644,23.6705403011715
"465",465,23.4969855354147,23.3697367865823,23.4605660489364,23.3892995758073,23.6450056316392
"466",466,23.4767101924115,23.3884057492282,23.4689848057809,23.3736311046073,23.6196111379212
"467",467,23.4285732572795,23.4260256571223,23.4851357714881,23.3481039699264,23.58509247886
"468",468,23.350288478289,23.4463268980001,23.4537369875785,23.3230406050008,23.5556037248451
"469",469,23.3035986746947,23.4372873917405,23.4539996512863,23.3189896032327,23.4417518088714
"470",470,23.2490796832891,23.4179574409178,23.4624244376335,23.3017111439362,23.4148807367349
"471",471,23.1315559566023,23.3893380511942,23.4757835004357,23.2850991770361,23.3922389049284
"472",472,23.0626794666181,23.3503221987757,23.4841102284334,23.2582626226701,23.3556162641132
"473",473,22.9879044923562,23.300470693053,23.492484782164,23.2290541574206,23.3187713420044
"474",474,22.9289994394565,23.2326751355683,23.5008138377376,23.2023203300463,23.2223095167734
"475",475,22.8509075172182,23.1629626404886,23.5004594502202,23.1753406793877,23.1857938261124
"476",476,22.7934253876844,23.0803106459405,23.4926465700296,23.2491505873119,23.180508297662
"477",477,22.7383855869296,22.9945092238153,23.4795282434706,23.2222417954777,23.1707890744002
"478",478,22.6303317772211,22.9200447519745,23.4708822253437,23.1940030994608,23.0451611639895
"479",479,22.5210133514729,22.847955584867,23.4458536414297,23.1656993979514,23.0166520306472
"480",480,22.477031239417,22.7653392009823,23.4251525874574,23.1292161616985,22.9788728216027
"481",481,22.4135850250407,22.6693000120279,23.4000835354434,23.0997292985645,22.9409493913392
"482",482,22.362071127645,22.608929629523,23.3656112025336,23.0952922801227,22.836337526007
"483",483,22.2778404383323,22.5309225432791,23.3338102153756,23.0670239398382,22.807640030441
"484",484,22.2038576301881,22.4527038123424,23.2618995516571,23.0392949298166,22.778522214592
"485",485,22.1788306784199,22.3250869864072,23.1760486995313,23.0105827284762,22.7428206546577
"486",486,22.1520492228988,22.2551220121279,23.0977191224323,22.9824135722254,22.7036466559624
"487",487,22.1304531570571,22.1571637822279,23.011527599015,22.9633946943593,22.6736619694237
"488",488,22.152385638341,22.0821690594643,22.9429021462673,22.9571567986207,22.6439778871854
"489",489,22.140321646625,22.030805488328,22.8646589559175,22.9151119794779,22.6252604926741
"490",490,22.1693452864707,21.9891108317802,22.7868410181404,22.8805003934305,22.5984145719213
"491",491,22.1660624514707,21.9591542395912,22.7044709854069,22.8598979592507,22.5624770301822
"492",492,22.1659276741706,21.9374154633321,22.6397276666695,22.8406385047122,22.5456987846321
"493",493,22.15487145735,21.9266091146347,22.5970879999127,22.813228819457,22.5257132050028
"494",494,22.1520858835909,21.9158480612907,22.528137173283,22.7938305273013,22.4828177798323
"495",495,22.1614190686786,21.9072292117,22.4642082820755,22.7742207073094,22.4519740938211
"496",496,22.159609078701,21.9069960485884,22.3972371875978,22.6543108278552,22.3898842160346
"497",497,22.149149604688,21.9069987249795,22.3533430885112,22.6350324033109,22.3406656520392
"498",498,22.1686829229559,21.9032078155778,22.3138350849661,22.673315063514,22.3232037151609
"499",499,22.1716710295959,21.8891841088057,22.2746802841572,22.6764956165525,22.2929199975176
"500",500,22.1669664215499,21.8983272930744,22.231100038076,22.6561931881974,22.2718556989108
